Terminals unused in grammar

    RENAME
    TO
    INDEX
    USING
    MOD
    CONCAT


State 266 conflicts: 2 reduce/reduce


Grammar

    0 $accept: query_script $end

    1 query_script: statement_list opt_semicolon
    2             | ε

    3 opt_semicolon: SEMICOLON
    4              | ε

    5 statement_list: statement_list SEMICOLON statement
    6               | statement

    7 statement: select_stmt
    8          | insert_stmt
    9          | update_stmt
   10          | delete_stmt
   11          | create_table_stmt
   12          | alter_table_stmt
   13          | drop_table_stmt
   14          | truncate_table_stmt
   15          | transaction_stmt

   16 select_stmt: select_expr
   17            | select_stmt UNION opt_all select_expr
   18            | select_stmt EXCEPT select_expr
   19            | select_stmt INTERSECT select_expr

   20 opt_all: ALL
   21        | ε

   22 select_expr: SELECT opt_distinct target_list opt_from opt_where opt_group_by opt_having opt_order_by opt_limit

   23 opt_distinct: DISTINCT
   24             | ALL
   25             | ε

   26 target_list: target_list COMMA target_item
   27            | target_item

   28 target_item: STAR
   29            | expr opt_alias

   30 opt_alias: AS IDENTIFIER
   31          | IDENTIFIER
   32          | ε

   33 opt_from: FROM from_clause
   34         | ε

   35 from_clause: table_ref_list

   36 table_ref_list: table_ref_list COMMA table_ref
   37               | table_ref

   38 table_ref: IDENTIFIER opt_alias
   39          | LPAREN select_stmt RPAREN AS IDENTIFIER
   40          | table_ref join_type table_ref ON expr

   41 join_type: JOIN
   42          | INNER JOIN
   43          | LEFT JOIN
   44          | LEFT OUTER JOIN
   45          | RIGHT JOIN
   46          | RIGHT OUTER JOIN
   47          | FULL JOIN
   48          | FULL OUTER JOIN
   49          | CROSS JOIN

   50 opt_where: WHERE expr
   51          | ε

   52 opt_group_by: GROUP BY expr_list
   53             | ε

   54 opt_having: HAVING expr
   55           | ε

   56 opt_order_by: ORDER BY order_item_list
   57             | ε

   58 order_item_list: order_item_list COMMA order_item
   59                | order_item

   60 order_item: expr opt_asc_desc

   61 opt_asc_desc: ASC
   62             | DESC
   63             | ε

   64 opt_limit: LIMIT INT_LITERAL
   65          | LIMIT INT_LITERAL OFFSET INT_LITERAL
   66          | ε

   67 insert_stmt: INSERT INTO IDENTIFIER VALUES insert_values_list
   68            | INSERT INTO IDENTIFIER LPAREN expr_list RPAREN VALUES insert_values_list
   69            | INSERT INTO IDENTIFIER select_stmt

   70 insert_values_list: tuple_list

   71 tuple_list: tuple_list COMMA tuple
   72           | tuple

   73 tuple: LPAREN expr_list RPAREN

   74 update_stmt: UPDATE IDENTIFIER SET assignment_list opt_where

   75 assignment_list: assignment_list COMMA assignment
   76                | assignment

   77 assignment: IDENTIFIER EQ expr

   78 delete_stmt: DELETE FROM IDENTIFIER opt_where

   79 create_table_stmt: CREATE TABLE IDENTIFIER LPAREN column_def_list RPAREN
   80                  | CREATE TABLE IF_KW NOT_KW EXISTS IDENTIFIER LPAREN column_def_list RPAREN

   81 column_def_list: column_def_list COMMA column_def
   82                | column_def

   83 column_def: IDENTIFIER data_type opt_column_constraints
   84           | PRIMARY KEY LPAREN IDENTIFIER RPAREN
   85           | FOREIGN KEY LPAREN IDENTIFIER RPAREN REFERENCES IDENTIFIER LPAREN IDENTIFIER RPAREN
   86           | CONSTRAINT IDENTIFIER PRIMARY KEY LPAREN IDENTIFIER RPAREN
   87           | CONSTRAINT IDENTIFIER FOREIGN KEY LPAREN IDENTIFIER RPAREN REFERENCES IDENTIFIER LPAREN IDENTIFIER RPAREN
   88           | CHECK LPAREN expr RPAREN
   89           | CONSTRAINT IDENTIFIER CHECK LPAREN expr RPAREN

   90 data_type: INT_TYPE
   91          | BIGINT_TYPE
   92          | SMALLINT_TYPE
   93          | TINYINT_TYPE
   94          | NUMBER_TYPE
   95          | NUMBER_TYPE LPAREN INT_LITERAL RPAREN
   96          | NUMBER_TYPE LPAREN INT_LITERAL COMMA INT_LITERAL RPAREN
   97          | NUMERIC_TYPE
   98          | NUMERIC_TYPE LPAREN INT_LITERAL COMMA INT_LITERAL RPAREN
   99          | VARCHAR_TYPE LPAREN INT_LITERAL RPAREN
  100          | VARCHAR2_TYPE LPAREN INT_LITERAL RPAREN
  101          | CHAR_TYPE
  102          | CHAR_TYPE LPAREN INT_LITERAL RPAREN
  103          | TEXT_TYPE
  104          | FLOAT_TYPE
  105          | DOUBLE_TYPE
  106          | REAL_TYPE
  107          | DECIMAL_TYPE
  108          | DECIMAL_TYPE LPAREN INT_LITERAL COMMA INT_LITERAL RPAREN
  109          | BOOLEAN_TYPE
  110          | DATE_TYPE
  111          | DATETIME_TYPE
  112          | TIMESTAMP_TYPE
  113          | BLOB_TYPE
  114          | CLOB_TYPE

  115 opt_column_constraints: opt_column_constraints column_constraint
  116                       | ε

  117 column_constraint: PRIMARY KEY
  118                  | NOT_KW NULL_KW
  119                  | UNIQUE
  120                  | AUTO_INCREMENT
  121                  | DEFAULT expr
  122                  | CHECK LPAREN expr RPAREN
  123                  | CONSTRAINT IDENTIFIER CHECK LPAREN expr RPAREN
  124                  | CONSTRAINT IDENTIFIER PRIMARY KEY
  125                  | CONSTRAINT IDENTIFIER UNIQUE

  126 alter_table_stmt: ALTER TABLE IDENTIFIER ADD opt_column column_def
  127                 | ALTER TABLE IDENTIFIER ADD opt_column LPAREN column_def_list RPAREN
  128                 | ALTER TABLE IDENTIFIER MODIFY opt_column column_def
  129                 | ALTER TABLE IDENTIFIER MODIFY opt_column LPAREN column_def_list RPAREN
  130                 | ALTER TABLE IDENTIFIER DROP opt_column IDENTIFIER
  131                 | ALTER TABLE IDENTIFIER DROP opt_column LPAREN identifier_list RPAREN

  132 opt_column: COLUMN
  133           | ε

  134 identifier_list: identifier_list COMMA IDENTIFIER
  135                | IDENTIFIER

  136 drop_table_stmt: DROP TABLE IDENTIFIER
  137                | DROP TABLE IF_KW EXISTS IDENTIFIER

  138 truncate_table_stmt: TRUNCATE TABLE IDENTIFIER

  139 transaction_stmt: BEGIN_KW opt_transaction
  140                 | COMMIT
  141                 | ROLLBACK
  142                 | SAVEPOINT IDENTIFIER

  143 opt_transaction: TRANSACTION
  144                | ε

  145 expr_list: expr_list COMMA expr
  146          | expr

  147 expr: expr OR expr
  148     | expr AND expr
  149     | NOT_KW expr
  150     | expr EQ expr
  151     | expr NE expr
  152     | expr LT expr
  153     | expr GT expr
  154     | expr LE expr
  155     | expr GE expr
  156     | expr LIKE expr
  157     | expr IN LPAREN expr_list RPAREN
  158     | expr IN LPAREN select_stmt RPAREN
  159     | expr BETWEEN expr AND expr
  160     | expr IS NULL_KW
  161     | expr IS NOT_KW NULL_KW
  162     | expr PLUS expr
  163     | expr MINUS expr
  164     | expr STAR expr
  165     | expr SLASH expr
  166     | MINUS expr
  167     | LPAREN expr RPAREN
  168     | LPAREN select_stmt RPAREN
  169     | func_call
  170     | case_expr
  171     | IDENTIFIER
  172     | IDENTIFIER DOT IDENTIFIER
  173     | STRING_LITERAL
  174     | INT_LITERAL
  175     | FLOAT_LITERAL
  176     | NULL_KW

  177 func_call: aggregate_func LPAREN opt_distinct expr RPAREN
  178          | aggregate_func LPAREN STAR RPAREN
  179          | IDENTIFIER LPAREN opt_expr_list RPAREN

  180 opt_expr_list: expr_list
  181              | ε

  182 aggregate_func: COUNT
  183               | SUM
  184               | AVG
  185               | MIN
  186               | MAX

  187 case_expr: CASE when_then_list opt_else END

  188 when_then_list: when_then_list when_then_clause
  189               | when_then_clause

  190 when_then_clause: WHEN expr THEN expr

  191 opt_else: ELSE expr
  192         | ε


Terminals, with rules where they appear

    $end (0) 0
    error (256)
    SELECT <str> (258) 22
    FROM <str> (259) 33 78
    WHERE <str> (260) 50
    GROUP <str> (261) 52
    BY <str> (262) 52 56
    HAVING <str> (263) 54
    ORDER <str> (264) 56
    ASC <str> (265) 61
    DESC <str> (266) 62
    LIMIT <str> (267) 64 65
    OFFSET <str> (268) 65
    AS <str> (269) 30 39
    DISTINCT <str> (270) 23
    ALL <str> (271) 20 24
    INSERT <str> (272) 67 68 69
    INTO <str> (273) 67 68 69
    VALUES <str> (274) 67 68
    UPDATE <str> (275) 74
    SET <str> (276) 74
    DELETE <str> (277) 78
    CREATE <str> (278) 79 80
    TABLE <str> (279) 79 80 126 127 128 129 130 131 136 137 138
    ALTER <str> (280) 126 127 128 129 130 131
    ADD <str> (281) 126 127
    MODIFY <str> (282) 128 129
    DROP <str> (283) 130 131 136 137
    TRUNCATE <str> (284) 138
    RENAME <str> (285)
    TO <str> (286)
    COLUMN <str> (287) 132
    INDEX <str> (288)
    PRIMARY <str> (289) 84 86 117 124
    KEY <str> (290) 84 85 86 87 117 124
    FOREIGN <str> (291) 85 87
    REFERENCES <str> (292) 85 87
    NULL_KW <str> (293) 118 160 161 176
    UNIQUE <str> (294) 119 125
    DEFAULT <str> (295) 121
    CHECK <str> (296) 88 89 122 123
    CONSTRAINT <str> (297) 86 87 89 123 124 125
    AUTO_INCREMENT <str> (298) 120
    INT_TYPE <str> (299) 90
    BIGINT_TYPE <str> (300) 91
    SMALLINT_TYPE <str> (301) 92
    TINYINT_TYPE <str> (302) 93
    NUMBER_TYPE <str> (303) 94 95 96
    NUMERIC_TYPE <str> (304) 97 98
    VARCHAR_TYPE <str> (305) 99
    VARCHAR2_TYPE <str> (306) 100
    CHAR_TYPE <str> (307) 101 102
    TEXT_TYPE <str> (308) 103
    FLOAT_TYPE <str> (309) 104
    DOUBLE_TYPE <str> (310) 105
    REAL_TYPE <str> (311) 106
    DECIMAL_TYPE <str> (312) 107 108
    BOOLEAN_TYPE <str> (313) 109
    DATE_TYPE <str> (314) 110
    DATETIME_TYPE <str> (315) 111
    TIMESTAMP_TYPE <str> (316) 112
    BLOB_TYPE <str> (317) 113
    CLOB_TYPE <str> (318) 114
    JOIN <str> (319) 41 42 43 44 45 46 47 48 49
    INNER <str> (320) 42
    LEFT <str> (321) 43 44
    RIGHT <str> (322) 45 46
    FULL <str> (323) 47 48
    OUTER <str> (324) 44 46 48
    CROSS <str> (325) 49
    ON <str> (326) 40
    USING <str> (327)
    UNION <str> (328) 17
    INTERSECT <str> (329) 19
    EXCEPT <str> (330) 18
    AND <str> (331) 148 159
    OR <str> (332) 147
    NOT_KW <str> (333) 80 118 149 161
    LIKE <str> (334) 156
    IN <str> (335) 157 158
    BETWEEN <str> (336) 159
    IS <str> (337) 160 161
    EXISTS <str> (338) 80 137
    CASE <str> (339) 187
    WHEN <str> (340) 190
    THEN <str> (341) 190
    ELSE <str> (342) 191
    END <str> (343) 187
    IF_KW <str> (344) 80 137
    BEGIN_KW <str> (345) 139
    TRANSACTION <str> (346) 143
    COMMIT <str> (347) 140
    ROLLBACK <str> (348) 141
    SAVEPOINT <str> (349) 142
    COUNT <str> (350) 182
    SUM <str> (351) 183
    AVG <str> (352) 184
    MIN <str> (353) 185
    MAX <str> (354) 186
    IDENTIFIER <str> (355) 30 31 38 39 67 68 69 74 77 78 79 80 83 84 85 86 87 89 123 124 125 126 127 128 129 130 131 134 135 136 137 138 142 171 172 179
    STRING_LITERAL <str> (356) 173
    INT_LITERAL <str> (357) 64 65 95 96 98 99 100 102 108 174
    FLOAT_LITERAL <str> (358) 175
    EQ <str> (359) 77 150
    NE <str> (360) 151
    LT <str> (361) 152
    GT <str> (362) 153
    LE <str> (363) 154
    GE <str> (364) 155
    PLUS <str> (365) 162
    MINUS <str> (366) 163 166
    STAR <str> (367) 28 164 178
    SLASH <str> (368) 165
    MOD <str> (369)
    CONCAT <str> (370)
    COMMA <str> (371) 26 36 58 71 75 81 96 98 108 134 145
    SEMICOLON <str> (372) 3 5
    LPAREN <str> (373) 39 68 73 79 80 84 85 86 87 88 89 95 96 98 99 100 102 108 122 123 127 129 131 157 158 167 168 177 178 179
    RPAREN <str> (374) 39 68 73 79 80 84 85 86 87 88 89 95 96 98 99 100 102 108 122 123 127 129 131 157 158 167 168 177 178 179
    DOT <str> (375) 172
    UNARY (376)


Nonterminals, with rules where they appear

    $accept (122)
        on left: 0
    query_script <node> (123)
        on left: 1 2
        on right: 0
    opt_semicolon (124)
        on left: 3 4
        on right: 1
    statement_list <node> (125)
        on left: 5 6
        on right: 1 5
    statement <node> (126)
        on left: 7 8 9 10 11 12 13 14 15
        on right: 5 6
    select_stmt <node> (127)
        on left: 16 17 18 19
        on right: 7 17 18 19 39 69 158 168
    opt_all (128)
        on left: 20 21
        on right: 17
    select_expr <node> (129)
        on left: 22
        on right: 16 17 18 19
    opt_distinct (130)
        on left: 23 24 25
        on right: 22 177
    target_list <node> (131)
        on left: 26 27
        on right: 22 26
    target_item <node> (132)
        on left: 28 29
        on right: 26 27
    opt_alias (133)
        on left: 30 31 32
        on right: 29 38
    opt_from <node> (134)
        on left: 33 34
        on right: 22
    from_clause <node> (135)
        on left: 35
        on right: 33
    table_ref_list <node> (136)
        on left: 36 37
        on right: 35 36
    table_ref <node> (137)
        on left: 38 39 40
        on right: 36 37 40
    join_type <node> (138)
        on left: 41 42 43 44 45 46 47 48 49
        on right: 40
    opt_where <node> (139)
        on left: 50 51
        on right: 22 74 78
    opt_group_by <node> (140)
        on left: 52 53
        on right: 22
    opt_having <node> (141)
        on left: 54 55
        on right: 22
    opt_order_by <node> (142)
        on left: 56 57
        on right: 22
    order_item_list <node> (143)
        on left: 58 59
        on right: 56 58
    order_item <node> (144)
        on left: 60
        on right: 58 59
    opt_asc_desc <node> (145)
        on left: 61 62 63
        on right: 60
    opt_limit <node> (146)
        on left: 64 65 66
        on right: 22
    insert_stmt <node> (147)
        on left: 67 68 69
        on right: 8
    insert_values_list <node> (148)
        on left: 70
        on right: 67 68
    tuple_list <node> (149)
        on left: 71 72
        on right: 70 71
    tuple <node> (150)
        on left: 73
        on right: 71 72
    update_stmt <node> (151)
        on left: 74
        on right: 9
    assignment_list <node> (152)
        on left: 75 76
        on right: 74 75
    assignment <node> (153)
        on left: 77
        on right: 75 76
    delete_stmt <node> (154)
        on left: 78
        on right: 10
    create_table_stmt <node> (155)
        on left: 79 80
        on right: 11
    column_def_list <node> (156)
        on left: 81 82
        on right: 79 80 81 127 129
    column_def <node> (157)
        on left: 83 84 85 86 87 88 89
        on right: 81 82 126 128
    data_type <node> (158)
        on left: 90 91 92 93 94 95 96 97 98 99 100 101 102 103 104 105 106 107 108 109 110 111 112 113 114
        on right: 83
    opt_column_constraints <node> (159)
        on left: 115 116
        on right: 83 115
    column_constraint <node> (160)
        on left: 117 118 119 120 121 122 123 124 125
        on right: 115
    alter_table_stmt <node> (161)
        on left: 126 127 128 129 130 131
        on right: 12
    opt_column (162)
        on left: 132 133
        on right: 126 127 128 129 130 131
    identifier_list <node> (163)
        on left: 134 135
        on right: 131 134
    drop_table_stmt <node> (164)
        on left: 136 137
        on right: 13
    truncate_table_stmt <node> (165)
        on left: 138
        on right: 14
    transaction_stmt <node> (166)
        on left: 139 140 141 142
        on right: 15
    opt_transaction (167)
        on left: 143 144
        on right: 139
    expr_list <node> (168)
        on left: 145 146
        on right: 52 68 73 145 157 180
    expr <node> (169)
        on left: 147 148 149 150 151 152 153 154 155 156 157 158 159 160 161 162 163 164 165 166 167 168 169 170 171 172 173 174 175 176
        on right: 29 40 50 54 60 77 88 89 121 122 123 145 146 147 148 149 150 151 152 153 154 155 156 157 158 159 160 161 162 163 164 165 166 167 177 190 191
    func_call <node> (170)
        on left: 177 178 179
        on right: 169
    opt_expr_list <node> (171)
        on left: 180 181
        on right: 179
    aggregate_func <node> (172)
        on left: 182 183 184 185 186
        on right: 177 178
    case_expr <node> (173)
        on left: 187
        on right: 170
    when_then_list <node> (174)
        on left: 188 189
        on right: 187 188
    when_then_clause <node> (175)
        on left: 190
        on right: 188 189
    opt_else <node> (176)
        on left: 191 192
        on right: 187


State 0

    0 $accept: • query_script $end

    SELECT     shift, and go to state 1
    INSERT     shift, and go to state 2
    UPDATE     shift, and go to state 3
    DELETE     shift, and go to state 4
    CREATE     shift, and go to state 5
    ALTER      shift, and go to state 6
    DROP       shift, and go to state 7
    TRUNCATE   shift, and go to state 8
    BEGIN_KW   shift, and go to state 9
    COMMIT     shift, and go to state 10
    ROLLBACK   shift, and go to state 11
    SAVEPOINT  shift, and go to state 12

    $default  reduce using rule 2 (query_script)

    query_script         go to state 13
    statement_list       go to state 14
    statement            go to state 15
    select_stmt          go to state 16
    select_expr          go to state 17
    insert_stmt          go to state 18
    update_stmt          go to state 19
    delete_stmt          go to state 20
    create_table_stmt    go to state 21
    alter_table_stmt     go to state 22
    drop_table_stmt      go to state 23
    truncate_table_stmt  go to state 24
    transaction_stmt     go to state 25


State 1

   22 select_expr: SELECT • opt_distinct target_list opt_from opt_where opt_group_by opt_having opt_order_by opt_limit

    DISTINCT  shift, and go to state 26
    ALL       shift, and go to state 27

    $default  reduce using rule 25 (opt_distinct)

    opt_distinct  go to state 28


State 2

   67 insert_stmt: INSERT • INTO IDENTIFIER VALUES insert_values_list
   68            | INSERT • INTO IDENTIFIER LPAREN expr_list RPAREN VALUES insert_values_list
   69            | INSERT • INTO IDENTIFIER select_stmt

    INTO  shift, and go to state 29


State 3

   74 update_stmt: UPDATE • IDENTIFIER SET assignment_list opt_where

    IDENTIFIER  shift, and go to state 30


State 4

   78 delete_stmt: DELETE • FROM IDENTIFIER opt_where

    FROM  shift, and go to state 31


State 5

   79 create_table_stmt: CREATE • TABLE IDENTIFIER LPAREN column_def_list RPAREN
   80                  | CREATE • TABLE IF_KW NOT_KW EXISTS IDENTIFIER LPAREN column_def_list RPAREN

    TABLE  shift, and go to state 32


State 6

  126 alter_table_stmt: ALTER • TABLE IDENTIFIER ADD opt_column column_def
  127                 | ALTER • TABLE IDENTIFIER ADD opt_column LPAREN column_def_list RPAREN
  128                 | ALTER • TABLE IDENTIFIER MODIFY opt_column column_def
  129                 | ALTER • TABLE IDENTIFIER MODIFY opt_column LPAREN column_def_list RPAREN
  130                 | ALTER • TABLE IDENTIFIER DROP opt_column IDENTIFIER
  131                 | ALTER • TABLE IDENTIFIER DROP opt_column LPAREN identifier_list RPAREN

    TABLE  shift, and go to state 33


State 7

  136 drop_table_stmt: DROP • TABLE IDENTIFIER
  137                | DROP • TABLE IF_KW EXISTS IDENTIFIER

    TABLE  shift, and go to state 34


State 8

  138 truncate_table_stmt: TRUNCATE • TABLE IDENTIFIER

    TABLE  shift, and go to state 35


State 9

  139 transaction_stmt: BEGIN_KW • opt_transaction

    TRANSACTION  shift, and go to state 36

    $default  reduce using rule 144 (opt_transaction)

    opt_transaction  go to state 37


State 10

  140 transaction_stmt: COMMIT •

    $default  reduce using rule 140 (transaction_stmt)


State 11

  141 transaction_stmt: ROLLBACK •

    $default  reduce using rule 141 (transaction_stmt)


State 12

  142 transaction_stmt: SAVEPOINT • IDENTIFIER

    IDENTIFIER  shift, and go to state 38


State 13

    0 $accept: query_script • $end

    $end  shift, and go to state 39


State 14

    1 query_script: statement_list • opt_semicolon
    5 statement_list: statement_list • SEMICOLON statement

    SEMICOLON  shift, and go to state 40

    $default  reduce using rule 4 (opt_semicolon)

    opt_semicolon  go to state 41


State 15

    6 statement_list: statement •

    $default  reduce using rule 6 (statement_list)


State 16

    7 statement: select_stmt •
   17 select_stmt: select_stmt • UNION opt_all select_expr
   18            | select_stmt • EXCEPT select_expr
   19            | select_stmt • INTERSECT select_expr

    UNION      shift, and go to state 42
    INTERSECT  shift, and go to state 43
    EXCEPT     shift, and go to state 44

    $default  reduce using rule 7 (statement)


State 17

   16 select_stmt: select_expr •

    $default  reduce using rule 16 (select_stmt)


State 18

    8 statement: insert_stmt •

    $default  reduce using rule 8 (statement)


State 19

    9 statement: update_stmt •

    $default  reduce using rule 9 (statement)


State 20

   10 statement: delete_stmt •

    $default  reduce using rule 10 (statement)


State 21

   11 statement: create_table_stmt •

    $default  reduce using rule 11 (statement)


State 22

   12 statement: alter_table_stmt •

    $default  reduce using rule 12 (statement)


State 23

   13 statement: drop_table_stmt •

    $default  reduce using rule 13 (statement)


State 24

   14 statement: truncate_table_stmt •

    $default  reduce using rule 14 (statement)


State 25

   15 statement: transaction_stmt •

    $default  reduce using rule 15 (statement)


State 26

   23 opt_distinct: DISTINCT •

    $default  reduce using rule 23 (opt_distinct)


State 27

   24 opt_distinct: ALL •

    $default  reduce using rule 24 (opt_distinct)


State 28

   22 select_expr: SELECT opt_distinct • target_list opt_from opt_where opt_group_by opt_having opt_order_by opt_limit

    NULL_KW         shift, and go to state 45
    NOT_KW          shift, and go to state 46
    CASE            shift, and go to state 47
    COUNT           shift, and go to state 48
    SUM             shift, and go to state 49
    AVG             shift, and go to state 50
    MIN             shift, and go to state 51
    MAX             shift, and go to state 52
    IDENTIFIER      shift, and go to state 53
    STRING_LITERAL  shift, and go to state 54
    INT_LITERAL     shift, and go to state 55
    FLOAT_LITERAL   shift, and go to state 56
    MINUS           shift, and go to state 57
    STAR            shift, and go to state 58
    LPAREN          shift, and go to state 59

    target_list     go to state 60
    target_item     go to state 61
    expr            go to state 62
    func_call       go to state 63
    aggregate_func  go to state 64
    case_expr       go to state 65


State 29

   67 insert_stmt: INSERT INTO • IDENTIFIER VALUES insert_values_list
   68            | INSERT INTO • IDENTIFIER LPAREN expr_list RPAREN VALUES insert_values_list
   69            | INSERT INTO • IDENTIFIER select_stmt

    IDENTIFIER  shift, and go to state 66


State 30

   74 update_stmt: UPDATE IDENTIFIER • SET assignment_list opt_where

    SET  shift, and go to state 67


State 31

   78 delete_stmt: DELETE FROM • IDENTIFIER opt_where

    IDENTIFIER  shift, and go to state 68


State 32

   79 create_table_stmt: CREATE TABLE • IDENTIFIER LPAREN column_def_list RPAREN
   80                  | CREATE TABLE • IF_KW NOT_KW EXISTS IDENTIFIER LPAREN column_def_list RPAREN

    IF_KW       shift, and go to state 69
    IDENTIFIER  shift, and go to state 70


State 33

  126 alter_table_stmt: ALTER TABLE • IDENTIFIER ADD opt_column column_def
  127                 | ALTER TABLE • IDENTIFIER ADD opt_column LPAREN column_def_list RPAREN
  128                 | ALTER TABLE • IDENTIFIER MODIFY opt_column column_def
  129                 | ALTER TABLE • IDENTIFIER MODIFY opt_column LPAREN column_def_list RPAREN
  130                 | ALTER TABLE • IDENTIFIER DROP opt_column IDENTIFIER
  131                 | ALTER TABLE • IDENTIFIER DROP opt_column LPAREN identifier_list RPAREN

    IDENTIFIER  shift, and go to state 71


State 34

  136 drop_table_stmt: DROP TABLE • IDENTIFIER
  137                | DROP TABLE • IF_KW EXISTS IDENTIFIER

    IF_KW       shift, and go to state 72
    IDENTIFIER  shift, and go to state 73


State 35

  138 truncate_table_stmt: TRUNCATE TABLE • IDENTIFIER

    IDENTIFIER  shift, and go to state 74


State 36

  143 opt_transaction: TRANSACTION •

    $default  reduce using rule 143 (opt_transaction)


State 37

  139 transaction_stmt: BEGIN_KW opt_transaction •

    $default  reduce using rule 139 (transaction_stmt)


State 38

  142 transaction_stmt: SAVEPOINT IDENTIFIER •

    $default  reduce using rule 142 (transaction_stmt)


State 39

    0 $accept: query_script $end •

    $default  accept


State 40

    3 opt_semicolon: SEMICOLON •
    5 statement_list: statement_list SEMICOLON • statement

    SELECT     shift, and go to state 1
    INSERT     shift, and go to state 2
    UPDATE     shift, and go to state 3
    DELETE     shift, and go to state 4
    CREATE     shift, and go to state 5
    ALTER      shift, and go to state 6
    DROP       shift, and go to state 7
    TRUNCATE   shift, and go to state 8
    BEGIN_KW   shift, and go to state 9
    COMMIT     shift, and go to state 10
    ROLLBACK   shift, and go to state 11
    SAVEPOINT  shift, and go to state 12

    $default  reduce using rule 3 (opt_semicolon)

    statement            go to state 75
    select_stmt          go to state 16
    select_expr          go to state 17
    insert_stmt          go to state 18
    update_stmt          go to state 19
    delete_stmt          go to state 20
    create_table_stmt    go to state 21
    alter_table_stmt     go to state 22
    drop_table_stmt      go to state 23
    truncate_table_stmt  go to state 24
    transaction_stmt     go to state 25


State 41

    1 query_script: statement_list opt_semicolon •

    $default  reduce using rule 1 (query_script)


State 42

   17 select_stmt: select_stmt UNION • opt_all select_expr

    ALL  shift, and go to state 76

    $default  reduce using rule 21 (opt_all)

    opt_all  go to state 77


State 43

   19 select_stmt: select_stmt INTERSECT • select_expr

    SELECT  shift, and go to state 1

    select_expr  go to state 78


State 44

   18 select_stmt: select_stmt EXCEPT • select_expr

    SELECT  shift, and go to state 1

    select_expr  go to state 79


State 45

  176 expr: NULL_KW •

    $default  reduce using rule 176 (expr)


State 46

  149 expr: NOT_KW • expr

    NULL_KW         shift, and go to state 45
    NOT_KW          shift, and go to state 46
    CASE            shift, and go to state 47
    COUNT           shift, and go to state 48
    SUM             shift, and go to state 49
    AVG             shift, and go to state 50
    MIN             shift, and go to state 51
    MAX             shift, and go to state 52
    IDENTIFIER      shift, and go to state 53
    STRING_LITERAL  shift, and go to state 54
    INT_LITERAL     shift, and go to state 55
    FLOAT_LITERAL   shift, and go to state 56
    MINUS           shift, and go to state 57
    LPAREN          shift, and go to state 59

    expr            go to state 80
    func_call       go to state 63
    aggregate_func  go to state 64
    case_expr       go to state 65


State 47

  187 case_expr: CASE • when_then_list opt_else END

    WHEN  shift, and go to state 81

    when_then_list    go to state 82
    when_then_clause  go to state 83


State 48

  182 aggregate_func: COUNT •

    $default  reduce using rule 182 (aggregate_func)


State 49

  183 aggregate_func: SUM •

    $default  reduce using rule 183 (aggregate_func)


State 50

  184 aggregate_func: AVG •

    $default  reduce using rule 184 (aggregate_func)


State 51

  185 aggregate_func: MIN •

    $default  reduce using rule 185 (aggregate_func)


State 52

  186 aggregate_func: MAX •

    $default  reduce using rule 186 (aggregate_func)


State 53

  171 expr: IDENTIFIER •
  172     | IDENTIFIER • DOT IDENTIFIER
  179 func_call: IDENTIFIER • LPAREN opt_expr_list RPAREN

    LPAREN  shift, and go to state 84
    DOT     shift, and go to state 85

    $default  reduce using rule 171 (expr)


State 54

  173 expr: STRING_LITERAL •

    $default  reduce using rule 173 (expr)


State 55

  174 expr: INT_LITERAL •

    $default  reduce using rule 174 (expr)


State 56

  175 expr: FLOAT_LITERAL •

    $default  reduce using rule 175 (expr)


State 57

  166 expr: MINUS • expr

    NULL_KW         shift, and go to state 45
    NOT_KW          shift, and go to state 46
    CASE            shift, and go to state 47
    COUNT           shift, and go to state 48
    SUM             shift, and go to state 49
    AVG             shift, and go to state 50
    MIN             shift, and go to state 51
    MAX             shift, and go to state 52
    IDENTIFIER      shift, and go to state 53
    STRING_LITERAL  shift, and go to state 54
    INT_LITERAL     shift, and go to state 55
    FLOAT_LITERAL   shift, and go to state 56
    MINUS           shift, and go to state 57
    LPAREN          shift, and go to state 59

    expr            go to state 86
    func_call       go to state 63
    aggregate_func  go to state 64
    case_expr       go to state 65


State 58

   28 target_item: STAR •

    $default  reduce using rule 28 (target_item)


State 59

  167 expr: LPAREN • expr RPAREN
  168     | LPAREN • select_stmt RPAREN

    SELECT          shift, and go to state 1
    NULL_KW         shift, and go to state 45
    NOT_KW          shift, and go to state 46
    CASE            shift, and go to state 47
    COUNT           shift, and go to state 48
    SUM             shift, and go to state 49
    AVG             shift, and go to state 50
    MIN             shift, and go to state 51
    MAX             shift, and go to state 52
    IDENTIFIER      shift, and go to state 53
    STRING_LITERAL  shift, and go to state 54
    INT_LITERAL     shift, and go to state 55
    FLOAT_LITERAL   shift, and go to state 56
    MINUS           shift, and go to state 57
    LPAREN          shift, and go to state 59

    select_stmt     go to state 87
    select_expr     go to state 17
    expr            go to state 88
    func_call       go to state 63
    aggregate_func  go to state 64
    case_expr       go to state 65


State 60

   22 select_expr: SELECT opt_distinct target_list • opt_from opt_where opt_group_by opt_having opt_order_by opt_limit
   26 target_list: target_list • COMMA target_item

    FROM   shift, and go to state 89
    COMMA  shift, and go to state 90

    $default  reduce using rule 34 (opt_from)

    opt_from  go to state 91


State 61

   27 target_list: target_item •

    $default  reduce using rule 27 (target_list)


State 62

   29 target_item: expr • opt_alias
  147 expr: expr • OR expr
  148     | expr • AND expr
  150     | expr • EQ expr
  151     | expr • NE expr
  152     | expr • LT expr
  153     | expr • GT expr
  154     | expr • LE expr
  155     | expr • GE expr
  156     | expr • LIKE expr
  157     | expr • IN LPAREN expr_list RPAREN
  158     | expr • IN LPAREN select_stmt RPAREN
  159     | expr • BETWEEN expr AND expr
  160     | expr • IS NULL_KW
  161     | expr • IS NOT_KW NULL_KW
  162     | expr • PLUS expr
  163     | expr • MINUS expr
  164     | expr • STAR expr
  165     | expr • SLASH expr

    AS          shift, and go to state 92
    AND         shift, and go to state 93
    OR          shift, and go to state 94
    LIKE        shift, and go to state 95
    IN          shift, and go to state 96
    BETWEEN     shift, and go to state 97
    IS          shift, and go to state 98
    IDENTIFIER  shift, and go to state 99
    EQ          shift, and go to state 100
    NE          shift, and go to state 101
    LT          shift, and go to state 102
    GT          shift, and go to state 103
    LE          shift, and go to state 104
    GE          shift, and go to state 105
    PLUS        shift, and go to state 106
    MINUS       shift, and go to state 107
    STAR        shift, and go to state 108
    SLASH       shift, and go to state 109

    $default  reduce using rule 32 (opt_alias)

    opt_alias  go to state 110


State 63

  169 expr: func_call •

    $default  reduce using rule 169 (expr)


State 64

  177 func_call: aggregate_func • LPAREN opt_distinct expr RPAREN
  178          | aggregate_func • LPAREN STAR RPAREN

    LPAREN  shift, and go to state 111


State 65

  170 expr: case_expr •

    $default  reduce using rule 170 (expr)


State 66

   67 insert_stmt: INSERT INTO IDENTIFIER • VALUES insert_values_list
   68            | INSERT INTO IDENTIFIER • LPAREN expr_list RPAREN VALUES insert_values_list
   69            | INSERT INTO IDENTIFIER • select_stmt

    SELECT  shift, and go to state 1
    VALUES  shift, and go to state 112
    LPAREN  shift, and go to state 113

    select_stmt  go to state 114
    select_expr  go to state 17


State 67

   74 update_stmt: UPDATE IDENTIFIER SET • assignment_list opt_where

    IDENTIFIER  shift, and go to state 115

    assignment_list  go to state 116
    assignment       go to state 117


State 68

   78 delete_stmt: DELETE FROM IDENTIFIER • opt_where

    WHERE  shift, and go to state 118

    $default  reduce using rule 51 (opt_where)

    opt_where  go to state 119


State 69

   80 create_table_stmt: CREATE TABLE IF_KW • NOT_KW EXISTS IDENTIFIER LPAREN column_def_list RPAREN

    NOT_KW  shift, and go to state 120


State 70

   79 create_table_stmt: CREATE TABLE IDENTIFIER • LPAREN column_def_list RPAREN

    LPAREN  shift, and go to state 121


State 71

  126 alter_table_stmt: ALTER TABLE IDENTIFIER • ADD opt_column column_def
  127                 | ALTER TABLE IDENTIFIER • ADD opt_column LPAREN column_def_list RPAREN
  128                 | ALTER TABLE IDENTIFIER • MODIFY opt_column column_def
  129                 | ALTER TABLE IDENTIFIER • MODIFY opt_column LPAREN column_def_list RPAREN
  130                 | ALTER TABLE IDENTIFIER • DROP opt_column IDENTIFIER
  131                 | ALTER TABLE IDENTIFIER • DROP opt_column LPAREN identifier_list RPAREN

    ADD     shift, and go to state 122
    MODIFY  shift, and go to state 123
    DROP    shift, and go to state 124


State 72

  137 drop_table_stmt: DROP TABLE IF_KW • EXISTS IDENTIFIER

    EXISTS  shift, and go to state 125


State 73

  136 drop_table_stmt: DROP TABLE IDENTIFIER •

    $default  reduce using rule 136 (drop_table_stmt)


State 74

  138 truncate_table_stmt: TRUNCATE TABLE IDENTIFIER •

    $default  reduce using rule 138 (truncate_table_stmt)


State 75

    5 statement_list: statement_list SEMICOLON statement •

    $default  reduce using rule 5 (statement_list)


State 76

   20 opt_all: ALL •

    $default  reduce using rule 20 (opt_all)


State 77

   17 select_stmt: select_stmt UNION opt_all • select_expr

    SELECT  shift, and go to state 1

    select_expr  go to state 126


State 78

   19 select_stmt: select_stmt INTERSECT select_expr •

    $default  reduce using rule 19 (select_stmt)


State 79

   18 select_stmt: select_stmt EXCEPT select_expr •

    $default  reduce using rule 18 (select_stmt)


State 80

  147 expr: expr • OR expr
  148     | expr • AND expr
  149     | NOT_KW expr •
  150     | expr • EQ expr
  151     | expr • NE expr
  152     | expr • LT expr
  153     | expr • GT expr
  154     | expr • LE expr
  155     | expr • GE expr
  156     | expr • LIKE expr
  157     | expr • IN LPAREN expr_list RPAREN
  158     | expr • IN LPAREN select_stmt RPAREN
  159     | expr • BETWEEN expr AND expr
  160     | expr • IS NULL_KW
  161     | expr • IS NOT_KW NULL_KW
  162     | expr • PLUS expr
  163     | expr • MINUS expr
  164     | expr • STAR expr
  165     | expr • SLASH expr

    LIKE     shift, and go to state 95
    IN       shift, and go to state 96
    BETWEEN  shift, and go to state 97
    IS       shift, and go to state 98
    EQ       shift, and go to state 100
    NE       shift, and go to state 101
    LT       shift, and go to state 102
    GT       shift, and go to state 103
    LE       shift, and go to state 104
    GE       shift, and go to state 105
    PLUS     shift, and go to state 106
    MINUS    shift, and go to state 107
    STAR     shift, and go to state 108
    SLASH    shift, and go to state 109

    $default  reduce using rule 149 (expr)


State 81

  190 when_then_clause: WHEN • expr THEN expr

    NULL_KW         shift, and go to state 45
    NOT_KW          shift, and go to state 46
    CASE            shift, and go to state 47
    COUNT           shift, and go to state 48
    SUM             shift, and go to state 49
    AVG             shift, and go to state 50
    MIN             shift, and go to state 51
    MAX             shift, and go to state 52
    IDENTIFIER      shift, and go to state 53
    STRING_LITERAL  shift, and go to state 54
    INT_LITERAL     shift, and go to state 55
    FLOAT_LITERAL   shift, and go to state 56
    MINUS           shift, and go to state 57
    LPAREN          shift, and go to state 59

    expr            go to state 127
    func_call       go to state 63
    aggregate_func  go to state 64
    case_expr       go to state 65


State 82

  187 case_expr: CASE when_then_list • opt_else END
  188 when_then_list: when_then_list • when_then_clause

    WHEN  shift, and go to state 81
    ELSE  shift, and go to state 128

    $default  reduce using rule 192 (opt_else)

    when_then_clause  go to state 129
    opt_else          go to state 130


State 83

  189 when_then_list: when_then_clause •

    $default  reduce using rule 189 (when_then_list)


State 84

  179 func_call: IDENTIFIER LPAREN • opt_expr_list RPAREN

    NULL_KW         shift, and go to state 45
    NOT_KW          shift, and go to state 46
    CASE            shift, and go to state 47
    COUNT           shift, and go to state 48
    SUM             shift, and go to state 49
    AVG             shift, and go to state 50
    MIN             shift, and go to state 51
    MAX             shift, and go to state 52
    IDENTIFIER      shift, and go to state 53
    STRING_LITERAL  shift, and go to state 54
    INT_LITERAL     shift, and go to state 55
    FLOAT_LITERAL   shift, and go to state 56
    MINUS           shift, and go to state 57
    LPAREN          shift, and go to state 59

    $default  reduce using rule 181 (opt_expr_list)

    expr_list       go to state 131
    expr            go to state 132
    func_call       go to state 63
    opt_expr_list   go to state 133
    aggregate_func  go to state 64
    case_expr       go to state 65


State 85

  172 expr: IDENTIFIER DOT • IDENTIFIER

    IDENTIFIER  shift, and go to state 134


State 86

  147 expr: expr • OR expr
  148     | expr • AND expr
  150     | expr • EQ expr
  151     | expr • NE expr
  152     | expr • LT expr
  153     | expr • GT expr
  154     | expr • LE expr
  155     | expr • GE expr
  156     | expr • LIKE expr
  157     | expr • IN LPAREN expr_list RPAREN
  158     | expr • IN LPAREN select_stmt RPAREN
  159     | expr • BETWEEN expr AND expr
  160     | expr • IS NULL_KW
  161     | expr • IS NOT_KW NULL_KW
  162     | expr • PLUS expr
  163     | expr • MINUS expr
  164     | expr • STAR expr
  165     | expr • SLASH expr
  166     | MINUS expr •

    $default  reduce using rule 166 (expr)


State 87

   17 select_stmt: select_stmt • UNION opt_all select_expr
   18            | select_stmt • EXCEPT select_expr
   19            | select_stmt • INTERSECT select_expr
  168 expr: LPAREN select_stmt • RPAREN

    UNION      shift, and go to state 42
    INTERSECT  shift, and go to state 43
    EXCEPT     shift, and go to state 44
    RPAREN     shift, and go to state 135


State 88

  147 expr: expr • OR expr
  148     | expr • AND expr
  150     | expr • EQ expr
  151     | expr • NE expr
  152     | expr • LT expr
  153     | expr • GT expr
  154     | expr • LE expr
  155     | expr • GE expr
  156     | expr • LIKE expr
  157     | expr • IN LPAREN expr_list RPAREN
  158     | expr • IN LPAREN select_stmt RPAREN
  159     | expr • BETWEEN expr AND expr
  160     | expr • IS NULL_KW
  161     | expr • IS NOT_KW NULL_KW
  162     | expr • PLUS expr
  163     | expr • MINUS expr
  164     | expr • STAR expr
  165     | expr • SLASH expr
  167     | LPAREN expr • RPAREN

    AND      shift, and go to state 93
    OR       shift, and go to state 94
    LIKE     shift, and go to state 95
    IN       shift, and go to state 96
    BETWEEN  shift, and go to state 97
    IS       shift, and go to state 98
    EQ       shift, and go to state 100
    NE       shift, and go to state 101
    LT       shift, and go to state 102
    GT       shift, and go to state 103
    LE       shift, and go to state 104
    GE       shift, and go to state 105
    PLUS     shift, and go to state 106
    MINUS    shift, and go to state 107
    STAR     shift, and go to state 108
    SLASH    shift, and go to state 109
    RPAREN   shift, and go to state 136


State 89

   33 opt_from: FROM • from_clause

    IDENTIFIER  shift, and go to state 137
    LPAREN      shift, and go to state 138

    from_clause     go to state 139
    table_ref_list  go to state 140
    table_ref       go to state 141


State 90

   26 target_list: target_list COMMA • target_item

    NULL_KW         shift, and go to state 45
    NOT_KW          shift, and go to state 46
    CASE            shift, and go to state 47
    COUNT           shift, and go to state 48
    SUM             shift, and go to state 49
    AVG             shift, and go to state 50
    MIN             shift, and go to state 51
    MAX             shift, and go to state 52
    IDENTIFIER      shift, and go to state 53
    STRING_LITERAL  shift, and go to state 54
    INT_LITERAL     shift, and go to state 55
    FLOAT_LITERAL   shift, and go to state 56
    MINUS           shift, and go to state 57
    STAR            shift, and go to state 58
    LPAREN          shift, and go to state 59

    target_item     go to state 142
    expr            go to state 62
    func_call       go to state 63
    aggregate_func  go to state 64
    case_expr       go to state 65


State 91

   22 select_expr: SELECT opt_distinct target_list opt_from • opt_where opt_group_by opt_having opt_order_by opt_limit

    WHERE  shift, and go to state 118

    $default  reduce using rule 51 (opt_where)

    opt_where  go to state 143


State 92

   30 opt_alias: AS • IDENTIFIER

    IDENTIFIER  shift, and go to state 144


State 93

  148 expr: expr AND • expr

    NULL_KW         shift, and go to state 45
    NOT_KW          shift, and go to state 46
    CASE            shift, and go to state 47
    COUNT           shift, and go to state 48
    SUM             shift, and go to state 49
    AVG             shift, and go to state 50
    MIN             shift, and go to state 51
    MAX             shift, and go to state 52
    IDENTIFIER      shift, and go to state 53
    STRING_LITERAL  shift, and go to state 54
    INT_LITERAL     shift, and go to state 55
    FLOAT_LITERAL   shift, and go to state 56
    MINUS           shift, and go to state 57
    LPAREN          shift, and go to state 59

    expr            go to state 145
    func_call       go to state 63
    aggregate_func  go to state 64
    case_expr       go to state 65


State 94

  147 expr: expr OR • expr

    NULL_KW         shift, and go to state 45
    NOT_KW          shift, and go to state 46
    CASE            shift, and go to state 47
    COUNT           shift, and go to state 48
    SUM             shift, and go to state 49
    AVG             shift, and go to state 50
    MIN             shift, and go to state 51
    MAX             shift, and go to state 52
    IDENTIFIER      shift, and go to state 53
    STRING_LITERAL  shift, and go to state 54
    INT_LITERAL     shift, and go to state 55
    FLOAT_LITERAL   shift, and go to state 56
    MINUS           shift, and go to state 57
    LPAREN          shift, and go to state 59

    expr            go to state 146
    func_call       go to state 63
    aggregate_func  go to state 64
    case_expr       go to state 65


State 95

  156 expr: expr LIKE • expr

    NULL_KW         shift, and go to state 45
    NOT_KW          shift, and go to state 46
    CASE            shift, and go to state 47
    COUNT           shift, and go to state 48
    SUM             shift, and go to state 49
    AVG             shift, and go to state 50
    MIN             shift, and go to state 51
    MAX             shift, and go to state 52
    IDENTIFIER      shift, and go to state 53
    STRING_LITERAL  shift, and go to state 54
    INT_LITERAL     shift, and go to state 55
    FLOAT_LITERAL   shift, and go to state 56
    MINUS           shift, and go to state 57
    LPAREN          shift, and go to state 59

    expr            go to state 147
    func_call       go to state 63
    aggregate_func  go to state 64
    case_expr       go to state 65


State 96

  157 expr: expr IN • LPAREN expr_list RPAREN
  158     | expr IN • LPAREN select_stmt RPAREN

    LPAREN  shift, and go to state 148


State 97

  159 expr: expr BETWEEN • expr AND expr

    NULL_KW         shift, and go to state 45
    NOT_KW          shift, and go to state 46
    CASE            shift, and go to state 47
    COUNT           shift, and go to state 48
    SUM             shift, and go to state 49
    AVG             shift, and go to state 50
    MIN             shift, and go to state 51
    MAX             shift, and go to state 52
    IDENTIFIER      shift, and go to state 53
    STRING_LITERAL  shift, and go to state 54
    INT_LITERAL     shift, and go to state 55
    FLOAT_LITERAL   shift, and go to state 56
    MINUS           shift, and go to state 57
    LPAREN          shift, and go to state 59

    expr            go to state 149
    func_call       go to state 63
    aggregate_func  go to state 64
    case_expr       go to state 65


State 98

  160 expr: expr IS • NULL_KW
  161     | expr IS • NOT_KW NULL_KW

    NULL_KW  shift, and go to state 150
    NOT_KW   shift, and go to state 151


State 99

   31 opt_alias: IDENTIFIER •

    $default  reduce using rule 31 (opt_alias)


State 100

  150 expr: expr EQ • expr

    NULL_KW         shift, and go to state 45
    NOT_KW          shift, and go to state 46
    CASE            shift, and go to state 47
    COUNT           shift, and go to state 48
    SUM             shift, and go to state 49
    AVG             shift, and go to state 50
    MIN             shift, and go to state 51
    MAX             shift, and go to state 52
    IDENTIFIER      shift, and go to state 53
    STRING_LITERAL  shift, and go to state 54
    INT_LITERAL     shift, and go to state 55
    FLOAT_LITERAL   shift, and go to state 56
    MINUS           shift, and go to state 57
    LPAREN          shift, and go to state 59

    expr            go to state 152
    func_call       go to state 63
    aggregate_func  go to state 64
    case_expr       go to state 65


State 101

  151 expr: expr NE • expr

    NULL_KW         shift, and go to state 45
    NOT_KW          shift, and go to state 46
    CASE            shift, and go to state 47
    COUNT           shift, and go to state 48
    SUM             shift, and go to state 49
    AVG             shift, and go to state 50
    MIN             shift, and go to state 51
    MAX             shift, and go to state 52
    IDENTIFIER      shift, and go to state 53
    STRING_LITERAL  shift, and go to state 54
    INT_LITERAL     shift, and go to state 55
    FLOAT_LITERAL   shift, and go to state 56
    MINUS           shift, and go to state 57
    LPAREN          shift, and go to state 59

    expr            go to state 153
    func_call       go to state 63
    aggregate_func  go to state 64
    case_expr       go to state 65


State 102

  152 expr: expr LT • expr

    NULL_KW         shift, and go to state 45
    NOT_KW          shift, and go to state 46
    CASE            shift, and go to state 47
    COUNT           shift, and go to state 48
    SUM             shift, and go to state 49
    AVG             shift, and go to state 50
    MIN             shift, and go to state 51
    MAX             shift, and go to state 52
    IDENTIFIER      shift, and go to state 53
    STRING_LITERAL  shift, and go to state 54
    INT_LITERAL     shift, and go to state 55
    FLOAT_LITERAL   shift, and go to state 56
    MINUS           shift, and go to state 57
    LPAREN          shift, and go to state 59

    expr            go to state 154
    func_call       go to state 63
    aggregate_func  go to state 64
    case_expr       go to state 65


State 103

  153 expr: expr GT • expr

    NULL_KW         shift, and go to state 45
    NOT_KW          shift, and go to state 46
    CASE            shift, and go to state 47
    COUNT           shift, and go to state 48
    SUM             shift, and go to state 49
    AVG             shift, and go to state 50
    MIN             shift, and go to state 51
    MAX             shift, and go to state 52
    IDENTIFIER      shift, and go to state 53
    STRING_LITERAL  shift, and go to state 54
    INT_LITERAL     shift, and go to state 55
    FLOAT_LITERAL   shift, and go to state 56
    MINUS           shift, and go to state 57
    LPAREN          shift, and go to state 59

    expr            go to state 155
    func_call       go to state 63
    aggregate_func  go to state 64
    case_expr       go to state 65


State 104

  154 expr: expr LE • expr

    NULL_KW         shift, and go to state 45
    NOT_KW          shift, and go to state 46
    CASE            shift, and go to state 47
    COUNT           shift, and go to state 48
    SUM             shift, and go to state 49
    AVG             shift, and go to state 50
    MIN             shift, and go to state 51
    MAX             shift, and go to state 52
    IDENTIFIER      shift, and go to state 53
    STRING_LITERAL  shift, and go to state 54
    INT_LITERAL     shift, and go to state 55
    FLOAT_LITERAL   shift, and go to state 56
    MINUS           shift, and go to state 57
    LPAREN          shift, and go to state 59

    expr            go to state 156
    func_call       go to state 63
    aggregate_func  go to state 64
    case_expr       go to state 65


State 105

  155 expr: expr GE • expr

    NULL_KW         shift, and go to state 45
    NOT_KW          shift, and go to state 46
    CASE            shift, and go to state 47
    COUNT           shift, and go to state 48
    SUM             shift, and go to state 49
    AVG             shift, and go to state 50
    MIN             shift, and go to state 51
    MAX             shift, and go to state 52
    IDENTIFIER      shift, and go to state 53
    STRING_LITERAL  shift, and go to state 54
    INT_LITERAL     shift, and go to state 55
    FLOAT_LITERAL   shift, and go to state 56
    MINUS           shift, and go to state 57
    LPAREN          shift, and go to state 59

    expr            go to state 157
    func_call       go to state 63
    aggregate_func  go to state 64
    case_expr       go to state 65


State 106

  162 expr: expr PLUS • expr

    NULL_KW         shift, and go to state 45
    NOT_KW          shift, and go to state 46
    CASE            shift, and go to state 47
    COUNT           shift, and go to state 48
    SUM             shift, and go to state 49
    AVG             shift, and go to state 50
    MIN             shift, and go to state 51
    MAX             shift, and go to state 52
    IDENTIFIER      shift, and go to state 53
    STRING_LITERAL  shift, and go to state 54
    INT_LITERAL     shift, and go to state 55
    FLOAT_LITERAL   shift, and go to state 56
    MINUS           shift, and go to state 57
    LPAREN          shift, and go to state 59

    expr            go to state 158
    func_call       go to state 63
    aggregate_func  go to state 64
    case_expr       go to state 65


State 107

  163 expr: expr MINUS • expr

    NULL_KW         shift, and go to state 45
    NOT_KW          shift, and go to state 46
    CASE            shift, and go to state 47
    COUNT           shift, and go to state 48
    SUM             shift, and go to state 49
    AVG             shift, and go to state 50
    MIN             shift, and go to state 51
    MAX             shift, and go to state 52
    IDENTIFIER      shift, and go to state 53
    STRING_LITERAL  shift, and go to state 54
    INT_LITERAL     shift, and go to state 55
    FLOAT_LITERAL   shift, and go to state 56
    MINUS           shift, and go to state 57
    LPAREN          shift, and go to state 59

    expr            go to state 159
    func_call       go to state 63
    aggregate_func  go to state 64
    case_expr       go to state 65


State 108

  164 expr: expr STAR • expr

    NULL_KW         shift, and go to state 45
    NOT_KW          shift, and go to state 46
    CASE            shift, and go to state 47
    COUNT           shift, and go to state 48
    SUM             shift, and go to state 49
    AVG             shift, and go to state 50
    MIN             shift, and go to state 51
    MAX             shift, and go to state 52
    IDENTIFIER      shift, and go to state 53
    STRING_LITERAL  shift, and go to state 54
    INT_LITERAL     shift, and go to state 55
    FLOAT_LITERAL   shift, and go to state 56
    MINUS           shift, and go to state 57
    LPAREN          shift, and go to state 59

    expr            go to state 160
    func_call       go to state 63
    aggregate_func  go to state 64
    case_expr       go to state 65


State 109

  165 expr: expr SLASH • expr

    NULL_KW         shift, and go to state 45
    NOT_KW          shift, and go to state 46
    CASE            shift, and go to state 47
    COUNT           shift, and go to state 48
    SUM             shift, and go to state 49
    AVG             shift, and go to state 50
    MIN             shift, and go to state 51
    MAX             shift, and go to state 52
    IDENTIFIER      shift, and go to state 53
    STRING_LITERAL  shift, and go to state 54
    INT_LITERAL     shift, and go to state 55
    FLOAT_LITERAL   shift, and go to state 56
    MINUS           shift, and go to state 57
    LPAREN          shift, and go to state 59

    expr            go to state 161
    func_call       go to state 63
    aggregate_func  go to state 64
    case_expr       go to state 65


State 110

   29 target_item: expr opt_alias •

    $default  reduce using rule 29 (target_item)


State 111

  177 func_call: aggregate_func LPAREN • opt_distinct expr RPAREN
  178          | aggregate_func LPAREN • STAR RPAREN

    DISTINCT  shift, and go to state 26
    ALL       shift, and go to state 27
    STAR      shift, and go to state 162

    $default  reduce using rule 25 (opt_distinct)

    opt_distinct  go to state 163


State 112

   67 insert_stmt: INSERT INTO IDENTIFIER VALUES • insert_values_list

    LPAREN  shift, and go to state 164

    insert_values_list  go to state 165
    tuple_list          go to state 166
    tuple               go to state 167


State 113

   68 insert_stmt: INSERT INTO IDENTIFIER LPAREN • expr_list RPAREN VALUES insert_values_list

    NULL_KW         shift, and go to state 45
    NOT_KW          shift, and go to state 46
    CASE            shift, and go to state 47
    COUNT           shift, and go to state 48
    SUM             shift, and go to state 49
    AVG             shift, and go to state 50
    MIN             shift, and go to state 51
    MAX             shift, and go to state 52
    IDENTIFIER      shift, and go to state 53
    STRING_LITERAL  shift, and go to state 54
    INT_LITERAL     shift, and go to state 55
    FLOAT_LITERAL   shift, and go to state 56
    MINUS           shift, and go to state 57
    LPAREN          shift, and go to state 59

    expr_list       go to state 168
    expr            go to state 132
    func_call       go to state 63
    aggregate_func  go to state 64
    case_expr       go to state 65


State 114

   17 select_stmt: select_stmt • UNION opt_all select_expr
   18            | select_stmt • EXCEPT select_expr
   19            | select_stmt • INTERSECT select_expr
   69 insert_stmt: INSERT INTO IDENTIFIER select_stmt •

    UNION      shift, and go to state 42
    INTERSECT  shift, and go to state 43
    EXCEPT     shift, and go to state 44

    $default  reduce using rule 69 (insert_stmt)


State 115

   77 assignment: IDENTIFIER • EQ expr

    EQ  shift, and go to state 169


State 116

   74 update_stmt: UPDATE IDENTIFIER SET assignment_list • opt_where
   75 assignment_list: assignment_list • COMMA assignment

    WHERE  shift, and go to state 118
    COMMA  shift, and go to state 170

    $default  reduce using rule 51 (opt_where)

    opt_where  go to state 171


State 117

   76 assignment_list: assignment •

    $default  reduce using rule 76 (assignment_list)


State 118

   50 opt_where: WHERE • expr

    NULL_KW         shift, and go to state 45
    NOT_KW          shift, and go to state 46
    CASE            shift, and go to state 47
    COUNT           shift, and go to state 48
    SUM             shift, and go to state 49
    AVG             shift, and go to state 50
    MIN             shift, and go to state 51
    MAX             shift, and go to state 52
    IDENTIFIER      shift, and go to state 53
    STRING_LITERAL  shift, and go to state 54
    INT_LITERAL     shift, and go to state 55
    FLOAT_LITERAL   shift, and go to state 56
    MINUS           shift, and go to state 57
    LPAREN          shift, and go to state 59

    expr            go to state 172
    func_call       go to state 63
    aggregate_func  go to state 64
    case_expr       go to state 65


State 119

   78 delete_stmt: DELETE FROM IDENTIFIER opt_where •

    $default  reduce using rule 78 (delete_stmt)


State 120

   80 create_table_stmt: CREATE TABLE IF_KW NOT_KW • EXISTS IDENTIFIER LPAREN column_def_list RPAREN

    EXISTS  shift, and go to state 173


State 121

   79 create_table_stmt: CREATE TABLE IDENTIFIER LPAREN • column_def_list RPAREN

    PRIMARY     shift, and go to state 174
    FOREIGN     shift, and go to state 175
    CHECK       shift, and go to state 176
    CONSTRAINT  shift, and go to state 177
    IDENTIFIER  shift, and go to state 178

    column_def_list  go to state 179
    column_def       go to state 180


State 122

  126 alter_table_stmt: ALTER TABLE IDENTIFIER ADD • opt_column column_def
  127                 | ALTER TABLE IDENTIFIER ADD • opt_column LPAREN column_def_list RPAREN

    COLUMN  shift, and go to state 181

    $default  reduce using rule 133 (opt_column)

    opt_column  go to state 182


State 123

  128 alter_table_stmt: ALTER TABLE IDENTIFIER MODIFY • opt_column column_def
  129                 | ALTER TABLE IDENTIFIER MODIFY • opt_column LPAREN column_def_list RPAREN

    COLUMN  shift, and go to state 181

    $default  reduce using rule 133 (opt_column)

    opt_column  go to state 183


State 124

  130 alter_table_stmt: ALTER TABLE IDENTIFIER DROP • opt_column IDENTIFIER
  131                 | ALTER TABLE IDENTIFIER DROP • opt_column LPAREN identifier_list RPAREN

    COLUMN  shift, and go to state 181

    $default  reduce using rule 133 (opt_column)

    opt_column  go to state 184


State 125

  137 drop_table_stmt: DROP TABLE IF_KW EXISTS • IDENTIFIER

    IDENTIFIER  shift, and go to state 185


State 126

   17 select_stmt: select_stmt UNION opt_all select_expr •

    $default  reduce using rule 17 (select_stmt)


State 127

  147 expr: expr • OR expr
  148     | expr • AND expr
  150     | expr • EQ expr
  151     | expr • NE expr
  152     | expr • LT expr
  153     | expr • GT expr
  154     | expr • LE expr
  155     | expr • GE expr
  156     | expr • LIKE expr
  157     | expr • IN LPAREN expr_list RPAREN
  158     | expr • IN LPAREN select_stmt RPAREN
  159     | expr • BETWEEN expr AND expr
  160     | expr • IS NULL_KW
  161     | expr • IS NOT_KW NULL_KW
  162     | expr • PLUS expr
  163     | expr • MINUS expr
  164     | expr • STAR expr
  165     | expr • SLASH expr
  190 when_then_clause: WHEN expr • THEN expr

    AND      shift, and go to state 93
    OR       shift, and go to state 94
    LIKE     shift, and go to state 95
    IN       shift, and go to state 96
    BETWEEN  shift, and go to state 97
    IS       shift, and go to state 98
    THEN     shift, and go to state 186
    EQ       shift, and go to state 100
    NE       shift, and go to state 101
    LT       shift, and go to state 102
    GT       shift, and go to state 103
    LE       shift, and go to state 104
    GE       shift, and go to state 105
    PLUS     shift, and go to state 106
    MINUS    shift, and go to state 107
    STAR     shift, and go to state 108
    SLASH    shift, and go to state 109


State 128

  191 opt_else: ELSE • expr

    NULL_KW         shift, and go to state 45
    NOT_KW          shift, and go to state 46
    CASE            shift, and go to state 47
    COUNT           shift, and go to state 48
    SUM             shift, and go to state 49
    AVG             shift, and go to state 50
    MIN             shift, and go to state 51
    MAX             shift, and go to state 52
    IDENTIFIER      shift, and go to state 53
    STRING_LITERAL  shift, and go to state 54
    INT_LITERAL     shift, and go to state 55
    FLOAT_LITERAL   shift, and go to state 56
    MINUS           shift, and go to state 57
    LPAREN          shift, and go to state 59

    expr            go to state 187
    func_call       go to state 63
    aggregate_func  go to state 64
    case_expr       go to state 65


State 129

  188 when_then_list: when_then_list when_then_clause •

    $default  reduce using rule 188 (when_then_list)


State 130

  187 case_expr: CASE when_then_list opt_else • END

    END  shift, and go to state 188


State 131

  145 expr_list: expr_list • COMMA expr
  180 opt_expr_list: expr_list •

    COMMA  shift, and go to state 189

    $default  reduce using rule 180 (opt_expr_list)


State 132

  146 expr_list: expr •
  147 expr: expr • OR expr
  148     | expr • AND expr
  150     | expr • EQ expr
  151     | expr • NE expr
  152     | expr • LT expr
  153     | expr • GT expr
  154     | expr • LE expr
  155     | expr • GE expr
  156     | expr • LIKE expr
  157     | expr • IN LPAREN expr_list RPAREN
  158     | expr • IN LPAREN select_stmt RPAREN
  159     | expr • BETWEEN expr AND expr
  160     | expr • IS NULL_KW
  161     | expr • IS NOT_KW NULL_KW
  162     | expr • PLUS expr
  163     | expr • MINUS expr
  164     | expr • STAR expr
  165     | expr • SLASH expr

    AND      shift, and go to state 93
    OR       shift, and go to state 94
    LIKE     shift, and go to state 95
    IN       shift, and go to state 96
    BETWEEN  shift, and go to state 97
    IS       shift, and go to state 98
    EQ       shift, and go to state 100
    NE       shift, and go to state 101
    LT       shift, and go to state 102
    GT       shift, and go to state 103
    LE       shift, and go to state 104
    GE       shift, and go to state 105
    PLUS     shift, and go to state 106
    MINUS    shift, and go to state 107
    STAR     shift, and go to state 108
    SLASH    shift, and go to state 109

    $default  reduce using rule 146 (expr_list)


State 133

  179 func_call: IDENTIFIER LPAREN opt_expr_list • RPAREN

    RPAREN  shift, and go to state 190


State 134

  172 expr: IDENTIFIER DOT IDENTIFIER •

    $default  reduce using rule 172 (expr)


State 135

  168 expr: LPAREN select_stmt RPAREN •

    $default  reduce using rule 168 (expr)


State 136

  167 expr: LPAREN expr RPAREN •

    $default  reduce using rule 167 (expr)


State 137

   38 table_ref: IDENTIFIER • opt_alias

    AS          shift, and go to state 92
    IDENTIFIER  shift, and go to state 99

    $default  reduce using rule 32 (opt_alias)

    opt_alias  go to state 191


State 138

   39 table_ref: LPAREN • select_stmt RPAREN AS IDENTIFIER

    SELECT  shift, and go to state 1

    select_stmt  go to state 192
    select_expr  go to state 17


State 139

   33 opt_from: FROM from_clause •

    $default  reduce using rule 33 (opt_from)


State 140

   35 from_clause: table_ref_list •
   36 table_ref_list: table_ref_list • COMMA table_ref

    COMMA  shift, and go to state 193

    $default  reduce using rule 35 (from_clause)


State 141

   37 table_ref_list: table_ref •
   40 table_ref: table_ref • join_type table_ref ON expr

    JOIN   shift, and go to state 194
    INNER  shift, and go to state 195
    LEFT   shift, and go to state 196
    RIGHT  shift, and go to state 197
    FULL   shift, and go to state 198
    CROSS  shift, and go to state 199

    $default  reduce using rule 37 (table_ref_list)

    join_type  go to state 200


State 142

   26 target_list: target_list COMMA target_item •

    $default  reduce using rule 26 (target_list)


State 143

   22 select_expr: SELECT opt_distinct target_list opt_from opt_where • opt_group_by opt_having opt_order_by opt_limit

    GROUP  shift, and go to state 201

    $default  reduce using rule 53 (opt_group_by)

    opt_group_by  go to state 202


State 144

   30 opt_alias: AS IDENTIFIER •

    $default  reduce using rule 30 (opt_alias)


State 145

  147 expr: expr • OR expr
  148     | expr • AND expr
  148     | expr AND expr •
  150     | expr • EQ expr
  151     | expr • NE expr
  152     | expr • LT expr
  153     | expr • GT expr
  154     | expr • LE expr
  155     | expr • GE expr
  156     | expr • LIKE expr
  157     | expr • IN LPAREN expr_list RPAREN
  158     | expr • IN LPAREN select_stmt RPAREN
  159     | expr • BETWEEN expr AND expr
  160     | expr • IS NULL_KW
  161     | expr • IS NOT_KW NULL_KW
  162     | expr • PLUS expr
  163     | expr • MINUS expr
  164     | expr • STAR expr
  165     | expr • SLASH expr

    LIKE     shift, and go to state 95
    IN       shift, and go to state 96
    BETWEEN  shift, and go to state 97
    IS       shift, and go to state 98
    EQ       shift, and go to state 100
    NE       shift, and go to state 101
    LT       shift, and go to state 102
    GT       shift, and go to state 103
    LE       shift, and go to state 104
    GE       shift, and go to state 105
    PLUS     shift, and go to state 106
    MINUS    shift, and go to state 107
    STAR     shift, and go to state 108
    SLASH    shift, and go to state 109

    $default  reduce using rule 148 (expr)


State 146

  147 expr: expr • OR expr
  147     | expr OR expr •
  148     | expr • AND expr
  150     | expr • EQ expr
  151     | expr • NE expr
  152     | expr • LT expr
  153     | expr • GT expr
  154     | expr • LE expr
  155     | expr • GE expr
  156     | expr • LIKE expr
  157     | expr • IN LPAREN expr_list RPAREN
  158     | expr • IN LPAREN select_stmt RPAREN
  159     | expr • BETWEEN expr AND expr
  160     | expr • IS NULL_KW
  161     | expr • IS NOT_KW NULL_KW
  162     | expr • PLUS expr
  163     | expr • MINUS expr
  164     | expr • STAR expr
  165     | expr • SLASH expr

    AND      shift, and go to state 93
    LIKE     shift, and go to state 95
    IN       shift, and go to state 96
    BETWEEN  shift, and go to state 97
    IS       shift, and go to state 98
    EQ       shift, and go to state 100
    NE       shift, and go to state 101
    LT       shift, and go to state 102
    GT       shift, and go to state 103
    LE       shift, and go to state 104
    GE       shift, and go to state 105
    PLUS     shift, and go to state 106
    MINUS    shift, and go to state 107
    STAR     shift, and go to state 108
    SLASH    shift, and go to state 109

    $default  reduce using rule 147 (expr)


State 147

  147 expr: expr • OR expr
  148     | expr • AND expr
  150     | expr • EQ expr
  151     | expr • NE expr
  152     | expr • LT expr
  153     | expr • GT expr
  154     | expr • LE expr
  155     | expr • GE expr
  156     | expr • LIKE expr
  156     | expr LIKE expr •
  157     | expr • IN LPAREN expr_list RPAREN
  158     | expr • IN LPAREN select_stmt RPAREN
  159     | expr • BETWEEN expr AND expr
  160     | expr • IS NULL_KW
  161     | expr • IS NOT_KW NULL_KW
  162     | expr • PLUS expr
  163     | expr • MINUS expr
  164     | expr • STAR expr
  165     | expr • SLASH expr

    PLUS   shift, and go to state 106
    MINUS  shift, and go to state 107
    STAR   shift, and go to state 108
    SLASH  shift, and go to state 109

    $default  reduce using rule 156 (expr)


State 148

  157 expr: expr IN LPAREN • expr_list RPAREN
  158     | expr IN LPAREN • select_stmt RPAREN

    SELECT          shift, and go to state 1
    NULL_KW         shift, and go to state 45
    NOT_KW          shift, and go to state 46
    CASE            shift, and go to state 47
    COUNT           shift, and go to state 48
    SUM             shift, and go to state 49
    AVG             shift, and go to state 50
    MIN             shift, and go to state 51
    MAX             shift, and go to state 52
    IDENTIFIER      shift, and go to state 53
    STRING_LITERAL  shift, and go to state 54
    INT_LITERAL     shift, and go to state 55
    FLOAT_LITERAL   shift, and go to state 56
    MINUS           shift, and go to state 57
    LPAREN          shift, and go to state 59

    select_stmt     go to state 203
    select_expr     go to state 17
    expr_list       go to state 204
    expr            go to state 132
    func_call       go to state 63
    aggregate_func  go to state 64
    case_expr       go to state 65


State 149

  147 expr: expr • OR expr
  148     | expr • AND expr
  150     | expr • EQ expr
  151     | expr • NE expr
  152     | expr • LT expr
  153     | expr • GT expr
  154     | expr • LE expr
  155     | expr • GE expr
  156     | expr • LIKE expr
  157     | expr • IN LPAREN expr_list RPAREN
  158     | expr • IN LPAREN select_stmt RPAREN
  159     | expr • BETWEEN expr AND expr
  159     | expr BETWEEN expr • AND expr
  160     | expr • IS NULL_KW
  161     | expr • IS NOT_KW NULL_KW
  162     | expr • PLUS expr
  163     | expr • MINUS expr
  164     | expr • STAR expr
  165     | expr • SLASH expr

    AND      shift, and go to state 205
    OR       shift, and go to state 94
    LIKE     shift, and go to state 95
    IN       shift, and go to state 96
    BETWEEN  shift, and go to state 97
    IS       shift, and go to state 98
    EQ       shift, and go to state 100
    NE       shift, and go to state 101
    LT       shift, and go to state 102
    GT       shift, and go to state 103
    LE       shift, and go to state 104
    GE       shift, and go to state 105
    PLUS     shift, and go to state 106
    MINUS    shift, and go to state 107
    STAR     shift, and go to state 108
    SLASH    shift, and go to state 109


State 150

  160 expr: expr IS NULL_KW •

    $default  reduce using rule 160 (expr)


State 151

  161 expr: expr IS NOT_KW • NULL_KW

    NULL_KW  shift, and go to state 206


State 152

  147 expr: expr • OR expr
  148     | expr • AND expr
  150     | expr • EQ expr
  150     | expr EQ expr •
  151     | expr • NE expr
  152     | expr • LT expr
  153     | expr • GT expr
  154     | expr • LE expr
  155     | expr • GE expr
  156     | expr • LIKE expr
  157     | expr • IN LPAREN expr_list RPAREN
  158     | expr • IN LPAREN select_stmt RPAREN
  159     | expr • BETWEEN expr AND expr
  160     | expr • IS NULL_KW
  161     | expr • IS NOT_KW NULL_KW
  162     | expr • PLUS expr
  163     | expr • MINUS expr
  164     | expr • STAR expr
  165     | expr • SLASH expr

    PLUS   shift, and go to state 106
    MINUS  shift, and go to state 107
    STAR   shift, and go to state 108
    SLASH  shift, and go to state 109

    $default  reduce using rule 150 (expr)


State 153

  147 expr: expr • OR expr
  148     | expr • AND expr
  150     | expr • EQ expr
  151     | expr • NE expr
  151     | expr NE expr •
  152     | expr • LT expr
  153     | expr • GT expr
  154     | expr • LE expr
  155     | expr • GE expr
  156     | expr • LIKE expr
  157     | expr • IN LPAREN expr_list RPAREN
  158     | expr • IN LPAREN select_stmt RPAREN
  159     | expr • BETWEEN expr AND expr
  160     | expr • IS NULL_KW
  161     | expr • IS NOT_KW NULL_KW
  162     | expr • PLUS expr
  163     | expr • MINUS expr
  164     | expr • STAR expr
  165     | expr • SLASH expr

    PLUS   shift, and go to state 106
    MINUS  shift, and go to state 107
    STAR   shift, and go to state 108
    SLASH  shift, and go to state 109

    $default  reduce using rule 151 (expr)


State 154

  147 expr: expr • OR expr
  148     | expr • AND expr
  150     | expr • EQ expr
  151     | expr • NE expr
  152     | expr • LT expr
  152     | expr LT expr •
  153     | expr • GT expr
  154     | expr • LE expr
  155     | expr • GE expr
  156     | expr • LIKE expr
  157     | expr • IN LPAREN expr_list RPAREN
  158     | expr • IN LPAREN select_stmt RPAREN
  159     | expr • BETWEEN expr AND expr
  160     | expr • IS NULL_KW
  161     | expr • IS NOT_KW NULL_KW
  162     | expr • PLUS expr
  163     | expr • MINUS expr
  164     | expr • STAR expr
  165     | expr • SLASH expr

    PLUS   shift, and go to state 106
    MINUS  shift, and go to state 107
    STAR   shift, and go to state 108
    SLASH  shift, and go to state 109

    $default  reduce using rule 152 (expr)


State 155

  147 expr: expr • OR expr
  148     | expr • AND expr
  150     | expr • EQ expr
  151     | expr • NE expr
  152     | expr • LT expr
  153     | expr • GT expr
  153     | expr GT expr •
  154     | expr • LE expr
  155     | expr • GE expr
  156     | expr • LIKE expr
  157     | expr • IN LPAREN expr_list RPAREN
  158     | expr • IN LPAREN select_stmt RPAREN
  159     | expr • BETWEEN expr AND expr
  160     | expr • IS NULL_KW
  161     | expr • IS NOT_KW NULL_KW
  162     | expr • PLUS expr
  163     | expr • MINUS expr
  164     | expr • STAR expr
  165     | expr • SLASH expr

    PLUS   shift, and go to state 106
    MINUS  shift, and go to state 107
    STAR   shift, and go to state 108
    SLASH  shift, and go to state 109

    $default  reduce using rule 153 (expr)


State 156

  147 expr: expr • OR expr
  148     | expr • AND expr
  150     | expr • EQ expr
  151     | expr • NE expr
  152     | expr • LT expr
  153     | expr • GT expr
  154     | expr • LE expr
  154     | expr LE expr •
  155     | expr • GE expr
  156     | expr • LIKE expr
  157     | expr • IN LPAREN expr_list RPAREN
  158     | expr • IN LPAREN select_stmt RPAREN
  159     | expr • BETWEEN expr AND expr
  160     | expr • IS NULL_KW
  161     | expr • IS NOT_KW NULL_KW
  162     | expr • PLUS expr
  163     | expr • MINUS expr
  164     | expr • STAR expr
  165     | expr • SLASH expr

    PLUS   shift, and go to state 106
    MINUS  shift, and go to state 107
    STAR   shift, and go to state 108
    SLASH  shift, and go to state 109

    $default  reduce using rule 154 (expr)


State 157

  147 expr: expr • OR expr
  148     | expr • AND expr
  150     | expr • EQ expr
  151     | expr • NE expr
  152     | expr • LT expr
  153     | expr • GT expr
  154     | expr • LE expr
  155     | expr • GE expr
  155     | expr GE expr •
  156     | expr • LIKE expr
  157     | expr • IN LPAREN expr_list RPAREN
  158     | expr • IN LPAREN select_stmt RPAREN
  159     | expr • BETWEEN expr AND expr
  160     | expr • IS NULL_KW
  161     | expr • IS NOT_KW NULL_KW
  162     | expr • PLUS expr
  163     | expr • MINUS expr
  164     | expr • STAR expr
  165     | expr • SLASH expr

    PLUS   shift, and go to state 106
    MINUS  shift, and go to state 107
    STAR   shift, and go to state 108
    SLASH  shift, and go to state 109

    $default  reduce using rule 155 (expr)


State 158

  147 expr: expr • OR expr
  148     | expr • AND expr
  150     | expr • EQ expr
  151     | expr • NE expr
  152     | expr • LT expr
  153     | expr • GT expr
  154     | expr • LE expr
  155     | expr • GE expr
  156     | expr • LIKE expr
  157     | expr • IN LPAREN expr_list RPAREN
  158     | expr • IN LPAREN select_stmt RPAREN
  159     | expr • BETWEEN expr AND expr
  160     | expr • IS NULL_KW
  161     | expr • IS NOT_KW NULL_KW
  162     | expr • PLUS expr
  162     | expr PLUS expr •
  163     | expr • MINUS expr
  164     | expr • STAR expr
  165     | expr • SLASH expr

    STAR   shift, and go to state 108
    SLASH  shift, and go to state 109

    $default  reduce using rule 162 (expr)


State 159

  147 expr: expr • OR expr
  148     | expr • AND expr
  150     | expr • EQ expr
  151     | expr • NE expr
  152     | expr • LT expr
  153     | expr • GT expr
  154     | expr • LE expr
  155     | expr • GE expr
  156     | expr • LIKE expr
  157     | expr • IN LPAREN expr_list RPAREN
  158     | expr • IN LPAREN select_stmt RPAREN
  159     | expr • BETWEEN expr AND expr
  160     | expr • IS NULL_KW
  161     | expr • IS NOT_KW NULL_KW
  162     | expr • PLUS expr
  163     | expr • MINUS expr
  163     | expr MINUS expr •
  164     | expr • STAR expr
  165     | expr • SLASH expr

    STAR   shift, and go to state 108
    SLASH  shift, and go to state 109

    $default  reduce using rule 163 (expr)


State 160

  147 expr: expr • OR expr
  148     | expr • AND expr
  150     | expr • EQ expr
  151     | expr • NE expr
  152     | expr • LT expr
  153     | expr • GT expr
  154     | expr • LE expr
  155     | expr • GE expr
  156     | expr • LIKE expr
  157     | expr • IN LPAREN expr_list RPAREN
  158     | expr • IN LPAREN select_stmt RPAREN
  159     | expr • BETWEEN expr AND expr
  160     | expr • IS NULL_KW
  161     | expr • IS NOT_KW NULL_KW
  162     | expr • PLUS expr
  163     | expr • MINUS expr
  164     | expr • STAR expr
  164     | expr STAR expr •
  165     | expr • SLASH expr

    $default  reduce using rule 164 (expr)


State 161

  147 expr: expr • OR expr
  148     | expr • AND expr
  150     | expr • EQ expr
  151     | expr • NE expr
  152     | expr • LT expr
  153     | expr • GT expr
  154     | expr • LE expr
  155     | expr • GE expr
  156     | expr • LIKE expr
  157     | expr • IN LPAREN expr_list RPAREN
  158     | expr • IN LPAREN select_stmt RPAREN
  159     | expr • BETWEEN expr AND expr
  160     | expr • IS NULL_KW
  161     | expr • IS NOT_KW NULL_KW
  162     | expr • PLUS expr
  163     | expr • MINUS expr
  164     | expr • STAR expr
  165     | expr • SLASH expr
  165     | expr SLASH expr •

    $default  reduce using rule 165 (expr)


State 162

  178 func_call: aggregate_func LPAREN STAR • RPAREN

    RPAREN  shift, and go to state 207


State 163

  177 func_call: aggregate_func LPAREN opt_distinct • expr RPAREN

    NULL_KW         shift, and go to state 45
    NOT_KW          shift, and go to state 46
    CASE            shift, and go to state 47
    COUNT           shift, and go to state 48
    SUM             shift, and go to state 49
    AVG             shift, and go to state 50
    MIN             shift, and go to state 51
    MAX             shift, and go to state 52
    IDENTIFIER      shift, and go to state 53
    STRING_LITERAL  shift, and go to state 54
    INT_LITERAL     shift, and go to state 55
    FLOAT_LITERAL   shift, and go to state 56
    MINUS           shift, and go to state 57
    LPAREN          shift, and go to state 59

    expr            go to state 208
    func_call       go to state 63
    aggregate_func  go to state 64
    case_expr       go to state 65


State 164

   73 tuple: LPAREN • expr_list RPAREN

    NULL_KW         shift, and go to state 45
    NOT_KW          shift, and go to state 46
    CASE            shift, and go to state 47
    COUNT           shift, and go to state 48
    SUM             shift, and go to state 49
    AVG             shift, and go to state 50
    MIN             shift, and go to state 51
    MAX             shift, and go to state 52
    IDENTIFIER      shift, and go to state 53
    STRING_LITERAL  shift, and go to state 54
    INT_LITERAL     shift, and go to state 55
    FLOAT_LITERAL   shift, and go to state 56
    MINUS           shift, and go to state 57
    LPAREN          shift, and go to state 59

    expr_list       go to state 209
    expr            go to state 132
    func_call       go to state 63
    aggregate_func  go to state 64
    case_expr       go to state 65


State 165

   67 insert_stmt: INSERT INTO IDENTIFIER VALUES insert_values_list •

    $default  reduce using rule 67 (insert_stmt)


State 166

   70 insert_values_list: tuple_list •
   71 tuple_list: tuple_list • COMMA tuple

    COMMA  shift, and go to state 210

    $default  reduce using rule 70 (insert_values_list)


State 167

   72 tuple_list: tuple •

    $default  reduce using rule 72 (tuple_list)


State 168

   68 insert_stmt: INSERT INTO IDENTIFIER LPAREN expr_list • RPAREN VALUES insert_values_list
  145 expr_list: expr_list • COMMA expr

    COMMA   shift, and go to state 189
    RPAREN  shift, and go to state 211


State 169

   77 assignment: IDENTIFIER EQ • expr

    NULL_KW         shift, and go to state 45
    NOT_KW          shift, and go to state 46
    CASE            shift, and go to state 47
    COUNT           shift, and go to state 48
    SUM             shift, and go to state 49
    AVG             shift, and go to state 50
    MIN             shift, and go to state 51
    MAX             shift, and go to state 52
    IDENTIFIER      shift, and go to state 53
    STRING_LITERAL  shift, and go to state 54
    INT_LITERAL     shift, and go to state 55
    FLOAT_LITERAL   shift, and go to state 56
    MINUS           shift, and go to state 57
    LPAREN          shift, and go to state 59

    expr            go to state 212
    func_call       go to state 63
    aggregate_func  go to state 64
    case_expr       go to state 65


State 170

   75 assignment_list: assignment_list COMMA • assignment

    IDENTIFIER  shift, and go to state 115

    assignment  go to state 213


State 171

   74 update_stmt: UPDATE IDENTIFIER SET assignment_list opt_where •

    $default  reduce using rule 74 (update_stmt)


State 172

   50 opt_where: WHERE expr •
  147 expr: expr • OR expr
  148     | expr • AND expr
  150     | expr • EQ expr
  151     | expr • NE expr
  152     | expr • LT expr
  153     | expr • GT expr
  154     | expr • LE expr
  155     | expr • GE expr
  156     | expr • LIKE expr
  157     | expr • IN LPAREN expr_list RPAREN
  158     | expr • IN LPAREN select_stmt RPAREN
  159     | expr • BETWEEN expr AND expr
  160     | expr • IS NULL_KW
  161     | expr • IS NOT_KW NULL_KW
  162     | expr • PLUS expr
  163     | expr • MINUS expr
  164     | expr • STAR expr
  165     | expr • SLASH expr

    AND      shift, and go to state 93
    OR       shift, and go to state 94
    LIKE     shift, and go to state 95
    IN       shift, and go to state 96
    BETWEEN  shift, and go to state 97
    IS       shift, and go to state 98
    EQ       shift, and go to state 100
    NE       shift, and go to state 101
    LT       shift, and go to state 102
    GT       shift, and go to state 103
    LE       shift, and go to state 104
    GE       shift, and go to state 105
    PLUS     shift, and go to state 106
    MINUS    shift, and go to state 107
    STAR     shift, and go to state 108
    SLASH    shift, and go to state 109

    $default  reduce using rule 50 (opt_where)


State 173

   80 create_table_stmt: CREATE TABLE IF_KW NOT_KW EXISTS • IDENTIFIER LPAREN column_def_list RPAREN

    IDENTIFIER  shift, and go to state 214


State 174

   84 column_def: PRIMARY • KEY LPAREN IDENTIFIER RPAREN

    KEY  shift, and go to state 215


State 175

   85 column_def: FOREIGN • KEY LPAREN IDENTIFIER RPAREN REFERENCES IDENTIFIER LPAREN IDENTIFIER RPAREN

    KEY  shift, and go to state 216


State 176

   88 column_def: CHECK • LPAREN expr RPAREN

    LPAREN  shift, and go to state 217


State 177

   86 column_def: CONSTRAINT • IDENTIFIER PRIMARY KEY LPAREN IDENTIFIER RPAREN
   87           | CONSTRAINT • IDENTIFIER FOREIGN KEY LPAREN IDENTIFIER RPAREN REFERENCES IDENTIFIER LPAREN IDENTIFIER RPAREN
   89           | CONSTRAINT • IDENTIFIER CHECK LPAREN expr RPAREN

    IDENTIFIER  shift, and go to state 218


State 178

   83 column_def: IDENTIFIER • data_type opt_column_constraints

    INT_TYPE        shift, and go to state 219
    BIGINT_TYPE     shift, and go to state 220
    SMALLINT_TYPE   shift, and go to state 221
    TINYINT_TYPE    shift, and go to state 222
    NUMBER_TYPE     shift, and go to state 223
    NUMERIC_TYPE    shift, and go to state 224
    VARCHAR_TYPE    shift, and go to state 225
    VARCHAR2_TYPE   shift, and go to state 226
    CHAR_TYPE       shift, and go to state 227
    TEXT_TYPE       shift, and go to state 228
    FLOAT_TYPE      shift, and go to state 229
    DOUBLE_TYPE     shift, and go to state 230
    REAL_TYPE       shift, and go to state 231
    DECIMAL_TYPE    shift, and go to state 232
    BOOLEAN_TYPE    shift, and go to state 233
    DATE_TYPE       shift, and go to state 234
    DATETIME_TYPE   shift, and go to state 235
    TIMESTAMP_TYPE  shift, and go to state 236
    BLOB_TYPE       shift, and go to state 237
    CLOB_TYPE       shift, and go to state 238

    data_type  go to state 239


State 179

   79 create_table_stmt: CREATE TABLE IDENTIFIER LPAREN column_def_list • RPAREN
   81 column_def_list: column_def_list • COMMA column_def

    COMMA   shift, and go to state 240
    RPAREN  shift, and go to state 241


State 180

   82 column_def_list: column_def •

    $default  reduce using rule 82 (column_def_list)


State 181

  132 opt_column: COLUMN •

    $default  reduce using rule 132 (opt_column)


State 182

  126 alter_table_stmt: ALTER TABLE IDENTIFIER ADD opt_column • column_def
  127                 | ALTER TABLE IDENTIFIER ADD opt_column • LPAREN column_def_list RPAREN

    PRIMARY     shift, and go to state 174
    FOREIGN     shift, and go to state 175
    CHECK       shift, and go to state 176
    CONSTRAINT  shift, and go to state 177
    IDENTIFIER  shift, and go to state 178
    LPAREN      shift, and go to state 242

    column_def  go to state 243


State 183

  128 alter_table_stmt: ALTER TABLE IDENTIFIER MODIFY opt_column • column_def
  129                 | ALTER TABLE IDENTIFIER MODIFY opt_column • LPAREN column_def_list RPAREN

    PRIMARY     shift, and go to state 174
    FOREIGN     shift, and go to state 175
    CHECK       shift, and go to state 176
    CONSTRAINT  shift, and go to state 177
    IDENTIFIER  shift, and go to state 178
    LPAREN      shift, and go to state 244

    column_def  go to state 245


State 184

  130 alter_table_stmt: ALTER TABLE IDENTIFIER DROP opt_column • IDENTIFIER
  131                 | ALTER TABLE IDENTIFIER DROP opt_column • LPAREN identifier_list RPAREN

    IDENTIFIER  shift, and go to state 246
    LPAREN      shift, and go to state 247


State 185

  137 drop_table_stmt: DROP TABLE IF_KW EXISTS IDENTIFIER •

    $default  reduce using rule 137 (drop_table_stmt)


State 186

  190 when_then_clause: WHEN expr THEN • expr

    NULL_KW         shift, and go to state 45
    NOT_KW          shift, and go to state 46
    CASE            shift, and go to state 47
    COUNT           shift, and go to state 48
    SUM             shift, and go to state 49
    AVG             shift, and go to state 50
    MIN             shift, and go to state 51
    MAX             shift, and go to state 52
    IDENTIFIER      shift, and go to state 53
    STRING_LITERAL  shift, and go to state 54
    INT_LITERAL     shift, and go to state 55
    FLOAT_LITERAL   shift, and go to state 56
    MINUS           shift, and go to state 57
    LPAREN          shift, and go to state 59

    expr            go to state 248
    func_call       go to state 63
    aggregate_func  go to state 64
    case_expr       go to state 65


State 187

  147 expr: expr • OR expr
  148     | expr • AND expr
  150     | expr • EQ expr
  151     | expr • NE expr
  152     | expr • LT expr
  153     | expr • GT expr
  154     | expr • LE expr
  155     | expr • GE expr
  156     | expr • LIKE expr
  157     | expr • IN LPAREN expr_list RPAREN
  158     | expr • IN LPAREN select_stmt RPAREN
  159     | expr • BETWEEN expr AND expr
  160     | expr • IS NULL_KW
  161     | expr • IS NOT_KW NULL_KW
  162     | expr • PLUS expr
  163     | expr • MINUS expr
  164     | expr • STAR expr
  165     | expr • SLASH expr
  191 opt_else: ELSE expr •

    AND      shift, and go to state 93
    OR       shift, and go to state 94
    LIKE     shift, and go to state 95
    IN       shift, and go to state 96
    BETWEEN  shift, and go to state 97
    IS       shift, and go to state 98
    EQ       shift, and go to state 100
    NE       shift, and go to state 101
    LT       shift, and go to state 102
    GT       shift, and go to state 103
    LE       shift, and go to state 104
    GE       shift, and go to state 105
    PLUS     shift, and go to state 106
    MINUS    shift, and go to state 107
    STAR     shift, and go to state 108
    SLASH    shift, and go to state 109

    $default  reduce using rule 191 (opt_else)


State 188

  187 case_expr: CASE when_then_list opt_else END •

    $default  reduce using rule 187 (case_expr)


State 189

  145 expr_list: expr_list COMMA • expr

    NULL_KW         shift, and go to state 45
    NOT_KW          shift, and go to state 46
    CASE            shift, and go to state 47
    COUNT           shift, and go to state 48
    SUM             shift, and go to state 49
    AVG             shift, and go to state 50
    MIN             shift, and go to state 51
    MAX             shift, and go to state 52
    IDENTIFIER      shift, and go to state 53
    STRING_LITERAL  shift, and go to state 54
    INT_LITERAL     shift, and go to state 55
    FLOAT_LITERAL   shift, and go to state 56
    MINUS           shift, and go to state 57
    LPAREN          shift, and go to state 59

    expr            go to state 249
    func_call       go to state 63
    aggregate_func  go to state 64
    case_expr       go to state 65


State 190

  179 func_call: IDENTIFIER LPAREN opt_expr_list RPAREN •

    $default  reduce using rule 179 (func_call)


State 191

   38 table_ref: IDENTIFIER opt_alias •

    $default  reduce using rule 38 (table_ref)


State 192

   17 select_stmt: select_stmt • UNION opt_all select_expr
   18            | select_stmt • EXCEPT select_expr
   19            | select_stmt • INTERSECT select_expr
   39 table_ref: LPAREN select_stmt • RPAREN AS IDENTIFIER

    UNION      shift, and go to state 42
    INTERSECT  shift, and go to state 43
    EXCEPT     shift, and go to state 44
    RPAREN     shift, and go to state 250


State 193

   36 table_ref_list: table_ref_list COMMA • table_ref

    IDENTIFIER  shift, and go to state 137
    LPAREN      shift, and go to state 138

    table_ref  go to state 251


State 194

   41 join_type: JOIN •

    $default  reduce using rule 41 (join_type)


State 195

   42 join_type: INNER • JOIN

    JOIN  shift, and go to state 252


State 196

   43 join_type: LEFT • JOIN
   44          | LEFT • OUTER JOIN

    JOIN   shift, and go to state 253
    OUTER  shift, and go to state 254


State 197

   45 join_type: RIGHT • JOIN
   46          | RIGHT • OUTER JOIN

    JOIN   shift, and go to state 255
    OUTER  shift, and go to state 256


State 198

   47 join_type: FULL • JOIN
   48          | FULL • OUTER JOIN

    JOIN   shift, and go to state 257
    OUTER  shift, and go to state 258


State 199

   49 join_type: CROSS • JOIN

    JOIN  shift, and go to state 259


State 200

   40 table_ref: table_ref join_type • table_ref ON expr

    IDENTIFIER  shift, and go to state 137
    LPAREN      shift, and go to state 138

    table_ref  go to state 260


State 201

   52 opt_group_by: GROUP • BY expr_list

    BY  shift, and go to state 261


State 202

   22 select_expr: SELECT opt_distinct target_list opt_from opt_where opt_group_by • opt_having opt_order_by opt_limit

    HAVING  shift, and go to state 262

    $default  reduce using rule 55 (opt_having)

    opt_having  go to state 263


State 203

   17 select_stmt: select_stmt • UNION opt_all select_expr
   18            | select_stmt • EXCEPT select_expr
   19            | select_stmt • INTERSECT select_expr
  158 expr: expr IN LPAREN select_stmt • RPAREN

    UNION      shift, and go to state 42
    INTERSECT  shift, and go to state 43
    EXCEPT     shift, and go to state 44
    RPAREN     shift, and go to state 264


State 204

  145 expr_list: expr_list • COMMA expr
  157 expr: expr IN LPAREN expr_list • RPAREN

    COMMA   shift, and go to state 189
    RPAREN  shift, and go to state 265


State 205

  148 expr: expr AND • expr
  159     | expr BETWEEN expr AND • expr

    NULL_KW         shift, and go to state 45
    NOT_KW          shift, and go to state 46
    CASE            shift, and go to state 47
    COUNT           shift, and go to state 48
    SUM             shift, and go to state 49
    AVG             shift, and go to state 50
    MIN             shift, and go to state 51
    MAX             shift, and go to state 52
    IDENTIFIER      shift, and go to state 53
    STRING_LITERAL  shift, and go to state 54
    INT_LITERAL     shift, and go to state 55
    FLOAT_LITERAL   shift, and go to state 56
    MINUS           shift, and go to state 57
    LPAREN          shift, and go to state 59

    expr            go to state 266
    func_call       go to state 63
    aggregate_func  go to state 64
    case_expr       go to state 65


State 206

  161 expr: expr IS NOT_KW NULL_KW •

    $default  reduce using rule 161 (expr)


State 207

  178 func_call: aggregate_func LPAREN STAR RPAREN •

    $default  reduce using rule 178 (func_call)


State 208

  147 expr: expr • OR expr
  148     | expr • AND expr
  150     | expr • EQ expr
  151     | expr • NE expr
  152     | expr • LT expr
  153     | expr • GT expr
  154     | expr • LE expr
  155     | expr • GE expr
  156     | expr • LIKE expr
  157     | expr • IN LPAREN expr_list RPAREN
  158     | expr • IN LPAREN select_stmt RPAREN
  159     | expr • BETWEEN expr AND expr
  160     | expr • IS NULL_KW
  161     | expr • IS NOT_KW NULL_KW
  162     | expr • PLUS expr
  163     | expr • MINUS expr
  164     | expr • STAR expr
  165     | expr • SLASH expr
  177 func_call: aggregate_func LPAREN opt_distinct expr • RPAREN

    AND      shift, and go to state 93
    OR       shift, and go to state 94
    LIKE     shift, and go to state 95
    IN       shift, and go to state 96
    BETWEEN  shift, and go to state 97
    IS       shift, and go to state 98
    EQ       shift, and go to state 100
    NE       shift, and go to state 101
    LT       shift, and go to state 102
    GT       shift, and go to state 103
    LE       shift, and go to state 104
    GE       shift, and go to state 105
    PLUS     shift, and go to state 106
    MINUS    shift, and go to state 107
    STAR     shift, and go to state 108
    SLASH    shift, and go to state 109
    RPAREN   shift, and go to state 267


State 209

   73 tuple: LPAREN expr_list • RPAREN
  145 expr_list: expr_list • COMMA expr

    COMMA   shift, and go to state 189
    RPAREN  shift, and go to state 268


State 210

   71 tuple_list: tuple_list COMMA • tuple

    LPAREN  shift, and go to state 164

    tuple  go to state 269


State 211

   68 insert_stmt: INSERT INTO IDENTIFIER LPAREN expr_list RPAREN • VALUES insert_values_list

    VALUES  shift, and go to state 270


State 212

   77 assignment: IDENTIFIER EQ expr •
  147 expr: expr • OR expr
  148     | expr • AND expr
  150     | expr • EQ expr
  151     | expr • NE expr
  152     | expr • LT expr
  153     | expr • GT expr
  154     | expr • LE expr
  155     | expr • GE expr
  156     | expr • LIKE expr
  157     | expr • IN LPAREN expr_list RPAREN
  158     | expr • IN LPAREN select_stmt RPAREN
  159     | expr • BETWEEN expr AND expr
  160     | expr • IS NULL_KW
  161     | expr • IS NOT_KW NULL_KW
  162     | expr • PLUS expr
  163     | expr • MINUS expr
  164     | expr • STAR expr
  165     | expr • SLASH expr

    AND      shift, and go to state 93
    OR       shift, and go to state 94
    LIKE     shift, and go to state 95
    IN       shift, and go to state 96
    BETWEEN  shift, and go to state 97
    IS       shift, and go to state 98
    EQ       shift, and go to state 100
    NE       shift, and go to state 101
    LT       shift, and go to state 102
    GT       shift, and go to state 103
    LE       shift, and go to state 104
    GE       shift, and go to state 105
    PLUS     shift, and go to state 106
    MINUS    shift, and go to state 107
    STAR     shift, and go to state 108
    SLASH    shift, and go to state 109

    $default  reduce using rule 77 (assignment)


State 213

   75 assignment_list: assignment_list COMMA assignment •

    $default  reduce using rule 75 (assignment_list)


State 214

   80 create_table_stmt: CREATE TABLE IF_KW NOT_KW EXISTS IDENTIFIER • LPAREN column_def_list RPAREN

    LPAREN  shift, and go to state 271


State 215

   84 column_def: PRIMARY KEY • LPAREN IDENTIFIER RPAREN

    LPAREN  shift, and go to state 272


State 216

   85 column_def: FOREIGN KEY • LPAREN IDENTIFIER RPAREN REFERENCES IDENTIFIER LPAREN IDENTIFIER RPAREN

    LPAREN  shift, and go to state 273


State 217

   88 column_def: CHECK LPAREN • expr RPAREN

    NULL_KW         shift, and go to state 45
    NOT_KW          shift, and go to state 46
    CASE            shift, and go to state 47
    COUNT           shift, and go to state 48
    SUM             shift, and go to state 49
    AVG             shift, and go to state 50
    MIN             shift, and go to state 51
    MAX             shift, and go to state 52
    IDENTIFIER      shift, and go to state 53
    STRING_LITERAL  shift, and go to state 54
    INT_LITERAL     shift, and go to state 55
    FLOAT_LITERAL   shift, and go to state 56
    MINUS           shift, and go to state 57
    LPAREN          shift, and go to state 59

    expr            go to state 274
    func_call       go to state 63
    aggregate_func  go to state 64
    case_expr       go to state 65


State 218

   86 column_def: CONSTRAINT IDENTIFIER • PRIMARY KEY LPAREN IDENTIFIER RPAREN
   87           | CONSTRAINT IDENTIFIER • FOREIGN KEY LPAREN IDENTIFIER RPAREN REFERENCES IDENTIFIER LPAREN IDENTIFIER RPAREN
   89           | CONSTRAINT IDENTIFIER • CHECK LPAREN expr RPAREN

    PRIMARY  shift, and go to state 275
    FOREIGN  shift, and go to state 276
    CHECK    shift, and go to state 277


State 219

   90 data_type: INT_TYPE •

    $default  reduce using rule 90 (data_type)


State 220

   91 data_type: BIGINT_TYPE •

    $default  reduce using rule 91 (data_type)


State 221

   92 data_type: SMALLINT_TYPE •

    $default  reduce using rule 92 (data_type)


State 222

   93 data_type: TINYINT_TYPE •

    $default  reduce using rule 93 (data_type)


State 223

   94 data_type: NUMBER_TYPE •
   95          | NUMBER_TYPE • LPAREN INT_LITERAL RPAREN
   96          | NUMBER_TYPE • LPAREN INT_LITERAL COMMA INT_LITERAL RPAREN

    LPAREN  shift, and go to state 278

    $default  reduce using rule 94 (data_type)


State 224

   97 data_type: NUMERIC_TYPE •
   98          | NUMERIC_TYPE • LPAREN INT_LITERAL COMMA INT_LITERAL RPAREN

    LPAREN  shift, and go to state 279

    $default  reduce using rule 97 (data_type)


State 225

   99 data_type: VARCHAR_TYPE • LPAREN INT_LITERAL RPAREN

    LPAREN  shift, and go to state 280


State 226

  100 data_type: VARCHAR2_TYPE • LPAREN INT_LITERAL RPAREN

    LPAREN  shift, and go to state 281


State 227

  101 data_type: CHAR_TYPE •
  102          | CHAR_TYPE • LPAREN INT_LITERAL RPAREN

    LPAREN  shift, and go to state 282

    $default  reduce using rule 101 (data_type)


State 228

  103 data_type: TEXT_TYPE •

    $default  reduce using rule 103 (data_type)


State 229

  104 data_type: FLOAT_TYPE •

    $default  reduce using rule 104 (data_type)


State 230

  105 data_type: DOUBLE_TYPE •

    $default  reduce using rule 105 (data_type)


State 231

  106 data_type: REAL_TYPE •

    $default  reduce using rule 106 (data_type)


State 232

  107 data_type: DECIMAL_TYPE •
  108          | DECIMAL_TYPE • LPAREN INT_LITERAL COMMA INT_LITERAL RPAREN

    LPAREN  shift, and go to state 283

    $default  reduce using rule 107 (data_type)


State 233

  109 data_type: BOOLEAN_TYPE •

    $default  reduce using rule 109 (data_type)


State 234

  110 data_type: DATE_TYPE •

    $default  reduce using rule 110 (data_type)


State 235

  111 data_type: DATETIME_TYPE •

    $default  reduce using rule 111 (data_type)


State 236

  112 data_type: TIMESTAMP_TYPE •

    $default  reduce using rule 112 (data_type)


State 237

  113 data_type: BLOB_TYPE •

    $default  reduce using rule 113 (data_type)


State 238

  114 data_type: CLOB_TYPE •

    $default  reduce using rule 114 (data_type)


State 239

   83 column_def: IDENTIFIER data_type • opt_column_constraints

    $default  reduce using rule 116 (opt_column_constraints)

    opt_column_constraints  go to state 284


State 240

   81 column_def_list: column_def_list COMMA • column_def

    PRIMARY     shift, and go to state 174
    FOREIGN     shift, and go to state 175
    CHECK       shift, and go to state 176
    CONSTRAINT  shift, and go to state 177
    IDENTIFIER  shift, and go to state 178

    column_def  go to state 285


State 241

   79 create_table_stmt: CREATE TABLE IDENTIFIER LPAREN column_def_list RPAREN •

    $default  reduce using rule 79 (create_table_stmt)


State 242

  127 alter_table_stmt: ALTER TABLE IDENTIFIER ADD opt_column LPAREN • column_def_list RPAREN

    PRIMARY     shift, and go to state 174
    FOREIGN     shift, and go to state 175
    CHECK       shift, and go to state 176
    CONSTRAINT  shift, and go to state 177
    IDENTIFIER  shift, and go to state 178

    column_def_list  go to state 286
    column_def       go to state 180


State 243

  126 alter_table_stmt: ALTER TABLE IDENTIFIER ADD opt_column column_def •

    $default  reduce using rule 126 (alter_table_stmt)


State 244

  129 alter_table_stmt: ALTER TABLE IDENTIFIER MODIFY opt_column LPAREN • column_def_list RPAREN

    PRIMARY     shift, and go to state 174
    FOREIGN     shift, and go to state 175
    CHECK       shift, and go to state 176
    CONSTRAINT  shift, and go to state 177
    IDENTIFIER  shift, and go to state 178

    column_def_list  go to state 287
    column_def       go to state 180


State 245

  128 alter_table_stmt: ALTER TABLE IDENTIFIER MODIFY opt_column column_def •

    $default  reduce using rule 128 (alter_table_stmt)


State 246

  130 alter_table_stmt: ALTER TABLE IDENTIFIER DROP opt_column IDENTIFIER •

    $default  reduce using rule 130 (alter_table_stmt)


State 247

  131 alter_table_stmt: ALTER TABLE IDENTIFIER DROP opt_column LPAREN • identifier_list RPAREN

    IDENTIFIER  shift, and go to state 288

    identifier_list  go to state 289


State 248

  147 expr: expr • OR expr
  148     | expr • AND expr
  150     | expr • EQ expr
  151     | expr • NE expr
  152     | expr • LT expr
  153     | expr • GT expr
  154     | expr • LE expr
  155     | expr • GE expr
  156     | expr • LIKE expr
  157     | expr • IN LPAREN expr_list RPAREN
  158     | expr • IN LPAREN select_stmt RPAREN
  159     | expr • BETWEEN expr AND expr
  160     | expr • IS NULL_KW
  161     | expr • IS NOT_KW NULL_KW
  162     | expr • PLUS expr
  163     | expr • MINUS expr
  164     | expr • STAR expr
  165     | expr • SLASH expr
  190 when_then_clause: WHEN expr THEN expr •

    AND      shift, and go to state 93
    OR       shift, and go to state 94
    LIKE     shift, and go to state 95
    IN       shift, and go to state 96
    BETWEEN  shift, and go to state 97
    IS       shift, and go to state 98
    EQ       shift, and go to state 100
    NE       shift, and go to state 101
    LT       shift, and go to state 102
    GT       shift, and go to state 103
    LE       shift, and go to state 104
    GE       shift, and go to state 105
    PLUS     shift, and go to state 106
    MINUS    shift, and go to state 107
    STAR     shift, and go to state 108
    SLASH    shift, and go to state 109

    $default  reduce using rule 190 (when_then_clause)


State 249

  145 expr_list: expr_list COMMA expr •
  147 expr: expr • OR expr
  148     | expr • AND expr
  150     | expr • EQ expr
  151     | expr • NE expr
  152     | expr • LT expr
  153     | expr • GT expr
  154     | expr • LE expr
  155     | expr • GE expr
  156     | expr • LIKE expr
  157     | expr • IN LPAREN expr_list RPAREN
  158     | expr • IN LPAREN select_stmt RPAREN
  159     | expr • BETWEEN expr AND expr
  160     | expr • IS NULL_KW
  161     | expr • IS NOT_KW NULL_KW
  162     | expr • PLUS expr
  163     | expr • MINUS expr
  164     | expr • STAR expr
  165     | expr • SLASH expr

    AND      shift, and go to state 93
    OR       shift, and go to state 94
    LIKE     shift, and go to state 95
    IN       shift, and go to state 96
    BETWEEN  shift, and go to state 97
    IS       shift, and go to state 98
    EQ       shift, and go to state 100
    NE       shift, and go to state 101
    LT       shift, and go to state 102
    GT       shift, and go to state 103
    LE       shift, and go to state 104
    GE       shift, and go to state 105
    PLUS     shift, and go to state 106
    MINUS    shift, and go to state 107
    STAR     shift, and go to state 108
    SLASH    shift, and go to state 109

    $default  reduce using rule 145 (expr_list)


State 250

   39 table_ref: LPAREN select_stmt RPAREN • AS IDENTIFIER

    AS  shift, and go to state 290


State 251

   36 table_ref_list: table_ref_list COMMA table_ref •
   40 table_ref: table_ref • join_type table_ref ON expr

    JOIN   shift, and go to state 194
    INNER  shift, and go to state 195
    LEFT   shift, and go to state 196
    RIGHT  shift, and go to state 197
    FULL   shift, and go to state 198
    CROSS  shift, and go to state 199

    $default  reduce using rule 36 (table_ref_list)

    join_type  go to state 200


State 252

   42 join_type: INNER JOIN •

    $default  reduce using rule 42 (join_type)


State 253

   43 join_type: LEFT JOIN •

    $default  reduce using rule 43 (join_type)


State 254

   44 join_type: LEFT OUTER • JOIN

    JOIN  shift, and go to state 291


State 255

   45 join_type: RIGHT JOIN •

    $default  reduce using rule 45 (join_type)


State 256

   46 join_type: RIGHT OUTER • JOIN

    JOIN  shift, and go to state 292


State 257

   47 join_type: FULL JOIN •

    $default  reduce using rule 47 (join_type)


State 258

   48 join_type: FULL OUTER • JOIN

    JOIN  shift, and go to state 293


State 259

   49 join_type: CROSS JOIN •

    $default  reduce using rule 49 (join_type)


State 260

   40 table_ref: table_ref • join_type table_ref ON expr
   40          | table_ref join_type table_ref • ON expr

    JOIN   shift, and go to state 194
    INNER  shift, and go to state 195
    LEFT   shift, and go to state 196
    RIGHT  shift, and go to state 197
    FULL   shift, and go to state 198
    CROSS  shift, and go to state 199
    ON     shift, and go to state 294

    join_type  go to state 200


State 261

   52 opt_group_by: GROUP BY • expr_list

    NULL_KW         shift, and go to state 45
    NOT_KW          shift, and go to state 46
    CASE            shift, and go to state 47
    COUNT           shift, and go to state 48
    SUM             shift, and go to state 49
    AVG             shift, and go to state 50
    MIN             shift, and go to state 51
    MAX             shift, and go to state 52
    IDENTIFIER      shift, and go to state 53
    STRING_LITERAL  shift, and go to state 54
    INT_LITERAL     shift, and go to state 55
    FLOAT_LITERAL   shift, and go to state 56
    MINUS           shift, and go to state 57
    LPAREN          shift, and go to state 59

    expr_list       go to state 295
    expr            go to state 132
    func_call       go to state 63
    aggregate_func  go to state 64
    case_expr       go to state 65


State 262

   54 opt_having: HAVING • expr

    NULL_KW         shift, and go to state 45
    NOT_KW          shift, and go to state 46
    CASE            shift, and go to state 47
    COUNT           shift, and go to state 48
    SUM             shift, and go to state 49
    AVG             shift, and go to state 50
    MIN             shift, and go to state 51
    MAX             shift, and go to state 52
    IDENTIFIER      shift, and go to state 53
    STRING_LITERAL  shift, and go to state 54
    INT_LITERAL     shift, and go to state 55
    FLOAT_LITERAL   shift, and go to state 56
    MINUS           shift, and go to state 57
    LPAREN          shift, and go to state 59

    expr            go to state 296
    func_call       go to state 63
    aggregate_func  go to state 64
    case_expr       go to state 65


State 263

   22 select_expr: SELECT opt_distinct target_list opt_from opt_where opt_group_by opt_having • opt_order_by opt_limit

    ORDER  shift, and go to state 297

    $default  reduce using rule 57 (opt_order_by)

    opt_order_by  go to state 298


State 264

  158 expr: expr IN LPAREN select_stmt RPAREN •

    $default  reduce using rule 158 (expr)


State 265

  157 expr: expr IN LPAREN expr_list RPAREN •

    $default  reduce using rule 157 (expr)


State 266

  147 expr: expr • OR expr
  148     | expr • AND expr
  148     | expr AND expr •
  150     | expr • EQ expr
  151     | expr • NE expr
  152     | expr • LT expr
  153     | expr • GT expr
  154     | expr • LE expr
  155     | expr • GE expr
  156     | expr • LIKE expr
  157     | expr • IN LPAREN expr_list RPAREN
  158     | expr • IN LPAREN select_stmt RPAREN
  159     | expr • BETWEEN expr AND expr
  159     | expr BETWEEN expr AND expr •
  160     | expr • IS NULL_KW
  161     | expr • IS NOT_KW NULL_KW
  162     | expr • PLUS expr
  163     | expr • MINUS expr
  164     | expr • STAR expr
  165     | expr • SLASH expr

    LIKE     shift, and go to state 95
    IN       shift, and go to state 96
    BETWEEN  shift, and go to state 97
    IS       shift, and go to state 98
    EQ       shift, and go to state 100
    NE       shift, and go to state 101
    LT       shift, and go to state 102
    GT       shift, and go to state 103
    LE       shift, and go to state 104
    GE       shift, and go to state 105
    PLUS     shift, and go to state 106
    MINUS    shift, and go to state 107
    STAR     shift, and go to state 108
    SLASH    shift, and go to state 109

    AND       reduce using rule 148 (expr)
    AND       [reduce using rule 159 (expr)]
    OR        reduce using rule 148 (expr)
    OR        [reduce using rule 159 (expr)]
    $default  reduce using rule 159 (expr)


State 267

  177 func_call: aggregate_func LPAREN opt_distinct expr RPAREN •

    $default  reduce using rule 177 (func_call)


State 268

   73 tuple: LPAREN expr_list RPAREN •

    $default  reduce using rule 73 (tuple)


State 269

   71 tuple_list: tuple_list COMMA tuple •

    $default  reduce using rule 71 (tuple_list)


State 270

   68 insert_stmt: INSERT INTO IDENTIFIER LPAREN expr_list RPAREN VALUES • insert_values_list

    LPAREN  shift, and go to state 164

    insert_values_list  go to state 299
    tuple_list          go to state 166
    tuple               go to state 167


State 271

   80 create_table_stmt: CREATE TABLE IF_KW NOT_KW EXISTS IDENTIFIER LPAREN • column_def_list RPAREN

    PRIMARY     shift, and go to state 174
    FOREIGN     shift, and go to state 175
    CHECK       shift, and go to state 176
    CONSTRAINT  shift, and go to state 177
    IDENTIFIER  shift, and go to state 178

    column_def_list  go to state 300
    column_def       go to state 180


State 272

   84 column_def: PRIMARY KEY LPAREN • IDENTIFIER RPAREN

    IDENTIFIER  shift, and go to state 301


State 273

   85 column_def: FOREIGN KEY LPAREN • IDENTIFIER RPAREN REFERENCES IDENTIFIER LPAREN IDENTIFIER RPAREN

    IDENTIFIER  shift, and go to state 302


State 274

   88 column_def: CHECK LPAREN expr • RPAREN
  147 expr: expr • OR expr
  148     | expr • AND expr
  150     | expr • EQ expr
  151     | expr • NE expr
  152     | expr • LT expr
  153     | expr • GT expr
  154     | expr • LE expr
  155     | expr • GE expr
  156     | expr • LIKE expr
  157     | expr • IN LPAREN expr_list RPAREN
  158     | expr • IN LPAREN select_stmt RPAREN
  159     | expr • BETWEEN expr AND expr
  160     | expr • IS NULL_KW
  161     | expr • IS NOT_KW NULL_KW
  162     | expr • PLUS expr
  163     | expr • MINUS expr
  164     | expr • STAR expr
  165     | expr • SLASH expr

    AND      shift, and go to state 93
    OR       shift, and go to state 94
    LIKE     shift, and go to state 95
    IN       shift, and go to state 96
    BETWEEN  shift, and go to state 97
    IS       shift, and go to state 98
    EQ       shift, and go to state 100
    NE       shift, and go to state 101
    LT       shift, and go to state 102
    GT       shift, and go to state 103
    LE       shift, and go to state 104
    GE       shift, and go to state 105
    PLUS     shift, and go to state 106
    MINUS    shift, and go to state 107
    STAR     shift, and go to state 108
    SLASH    shift, and go to state 109
    RPAREN   shift, and go to state 303


State 275

   86 column_def: CONSTRAINT IDENTIFIER PRIMARY • KEY LPAREN IDENTIFIER RPAREN

    KEY  shift, and go to state 304


State 276

   87 column_def: CONSTRAINT IDENTIFIER FOREIGN • KEY LPAREN IDENTIFIER RPAREN REFERENCES IDENTIFIER LPAREN IDENTIFIER RPAREN

    KEY  shift, and go to state 305


State 277

   89 column_def: CONSTRAINT IDENTIFIER CHECK • LPAREN expr RPAREN

    LPAREN  shift, and go to state 306


State 278

   95 data_type: NUMBER_TYPE LPAREN • INT_LITERAL RPAREN
   96          | NUMBER_TYPE LPAREN • INT_LITERAL COMMA INT_LITERAL RPAREN

    INT_LITERAL  shift, and go to state 307


State 279

   98 data_type: NUMERIC_TYPE LPAREN • INT_LITERAL COMMA INT_LITERAL RPAREN

    INT_LITERAL  shift, and go to state 308


State 280

   99 data_type: VARCHAR_TYPE LPAREN • INT_LITERAL RPAREN

    INT_LITERAL  shift, and go to state 309


State 281

  100 data_type: VARCHAR2_TYPE LPAREN • INT_LITERAL RPAREN

    INT_LITERAL  shift, and go to state 310


State 282

  102 data_type: CHAR_TYPE LPAREN • INT_LITERAL RPAREN

    INT_LITERAL  shift, and go to state 311


State 283

  108 data_type: DECIMAL_TYPE LPAREN • INT_LITERAL COMMA INT_LITERAL RPAREN

    INT_LITERAL  shift, and go to state 312


State 284

   83 column_def: IDENTIFIER data_type opt_column_constraints •
  115 opt_column_constraints: opt_column_constraints • column_constraint

    PRIMARY         shift, and go to state 313
    UNIQUE          shift, and go to state 314
    DEFAULT         shift, and go to state 315
    CHECK           shift, and go to state 316
    CONSTRAINT      shift, and go to state 317
    AUTO_INCREMENT  shift, and go to state 318
    NOT_KW          shift, and go to state 319

    $default  reduce using rule 83 (column_def)

    column_constraint  go to state 320


State 285

   81 column_def_list: column_def_list COMMA column_def •

    $default  reduce using rule 81 (column_def_list)


State 286

   81 column_def_list: column_def_list • COMMA column_def
  127 alter_table_stmt: ALTER TABLE IDENTIFIER ADD opt_column LPAREN column_def_list • RPAREN

    COMMA   shift, and go to state 240
    RPAREN  shift, and go to state 321


State 287

   81 column_def_list: column_def_list • COMMA column_def
  129 alter_table_stmt: ALTER TABLE IDENTIFIER MODIFY opt_column LPAREN column_def_list • RPAREN

    COMMA   shift, and go to state 240
    RPAREN  shift, and go to state 322


State 288

  135 identifier_list: IDENTIFIER •

    $default  reduce using rule 135 (identifier_list)


State 289

  131 alter_table_stmt: ALTER TABLE IDENTIFIER DROP opt_column LPAREN identifier_list • RPAREN
  134 identifier_list: identifier_list • COMMA IDENTIFIER

    COMMA   shift, and go to state 323
    RPAREN  shift, and go to state 324


State 290

   39 table_ref: LPAREN select_stmt RPAREN AS • IDENTIFIER

    IDENTIFIER  shift, and go to state 325


State 291

   44 join_type: LEFT OUTER JOIN •

    $default  reduce using rule 44 (join_type)


State 292

   46 join_type: RIGHT OUTER JOIN •

    $default  reduce using rule 46 (join_type)


State 293

   48 join_type: FULL OUTER JOIN •

    $default  reduce using rule 48 (join_type)


State 294

   40 table_ref: table_ref join_type table_ref ON • expr

    NULL_KW         shift, and go to state 45
    NOT_KW          shift, and go to state 46
    CASE            shift, and go to state 47
    COUNT           shift, and go to state 48
    SUM             shift, and go to state 49
    AVG             shift, and go to state 50
    MIN             shift, and go to state 51
    MAX             shift, and go to state 52
    IDENTIFIER      shift, and go to state 53
    STRING_LITERAL  shift, and go to state 54
    INT_LITERAL     shift, and go to state 55
    FLOAT_LITERAL   shift, and go to state 56
    MINUS           shift, and go to state 57
    LPAREN          shift, and go to state 59

    expr            go to state 326
    func_call       go to state 63
    aggregate_func  go to state 64
    case_expr       go to state 65


State 295

   52 opt_group_by: GROUP BY expr_list •
  145 expr_list: expr_list • COMMA expr

    COMMA  shift, and go to state 189

    $default  reduce using rule 52 (opt_group_by)


State 296

   54 opt_having: HAVING expr •
  147 expr: expr • OR expr
  148     | expr • AND expr
  150     | expr • EQ expr
  151     | expr • NE expr
  152     | expr • LT expr
  153     | expr • GT expr
  154     | expr • LE expr
  155     | expr • GE expr
  156     | expr • LIKE expr
  157     | expr • IN LPAREN expr_list RPAREN
  158     | expr • IN LPAREN select_stmt RPAREN
  159     | expr • BETWEEN expr AND expr
  160     | expr • IS NULL_KW
  161     | expr • IS NOT_KW NULL_KW
  162     | expr • PLUS expr
  163     | expr • MINUS expr
  164     | expr • STAR expr
  165     | expr • SLASH expr

    AND      shift, and go to state 93
    OR       shift, and go to state 94
    LIKE     shift, and go to state 95
    IN       shift, and go to state 96
    BETWEEN  shift, and go to state 97
    IS       shift, and go to state 98
    EQ       shift, and go to state 100
    NE       shift, and go to state 101
    LT       shift, and go to state 102
    GT       shift, and go to state 103
    LE       shift, and go to state 104
    GE       shift, and go to state 105
    PLUS     shift, and go to state 106
    MINUS    shift, and go to state 107
    STAR     shift, and go to state 108
    SLASH    shift, and go to state 109

    $default  reduce using rule 54 (opt_having)


State 297

   56 opt_order_by: ORDER • BY order_item_list

    BY  shift, and go to state 327


State 298

   22 select_expr: SELECT opt_distinct target_list opt_from opt_where opt_group_by opt_having opt_order_by • opt_limit

    LIMIT  shift, and go to state 328

    $default  reduce using rule 66 (opt_limit)

    opt_limit  go to state 329


State 299

   68 insert_stmt: INSERT INTO IDENTIFIER LPAREN expr_list RPAREN VALUES insert_values_list •

    $default  reduce using rule 68 (insert_stmt)


State 300

   80 create_table_stmt: CREATE TABLE IF_KW NOT_KW EXISTS IDENTIFIER LPAREN column_def_list • RPAREN
   81 column_def_list: column_def_list • COMMA column_def

    COMMA   shift, and go to state 240
    RPAREN  shift, and go to state 330


State 301

   84 column_def: PRIMARY KEY LPAREN IDENTIFIER • RPAREN

    RPAREN  shift, and go to state 331


State 302

   85 column_def: FOREIGN KEY LPAREN IDENTIFIER • RPAREN REFERENCES IDENTIFIER LPAREN IDENTIFIER RPAREN

    RPAREN  shift, and go to state 332


State 303

   88 column_def: CHECK LPAREN expr RPAREN •

    $default  reduce using rule 88 (column_def)


State 304

   86 column_def: CONSTRAINT IDENTIFIER PRIMARY KEY • LPAREN IDENTIFIER RPAREN

    LPAREN  shift, and go to state 333


State 305

   87 column_def: CONSTRAINT IDENTIFIER FOREIGN KEY • LPAREN IDENTIFIER RPAREN REFERENCES IDENTIFIER LPAREN IDENTIFIER RPAREN

    LPAREN  shift, and go to state 334


State 306

   89 column_def: CONSTRAINT IDENTIFIER CHECK LPAREN • expr RPAREN

    NULL_KW         shift, and go to state 45
    NOT_KW          shift, and go to state 46
    CASE            shift, and go to state 47
    COUNT           shift, and go to state 48
    SUM             shift, and go to state 49
    AVG             shift, and go to state 50
    MIN             shift, and go to state 51
    MAX             shift, and go to state 52
    IDENTIFIER      shift, and go to state 53
    STRING_LITERAL  shift, and go to state 54
    INT_LITERAL     shift, and go to state 55
    FLOAT_LITERAL   shift, and go to state 56
    MINUS           shift, and go to state 57
    LPAREN          shift, and go to state 59

    expr            go to state 335
    func_call       go to state 63
    aggregate_func  go to state 64
    case_expr       go to state 65


State 307

   95 data_type: NUMBER_TYPE LPAREN INT_LITERAL • RPAREN
   96          | NUMBER_TYPE LPAREN INT_LITERAL • COMMA INT_LITERAL RPAREN

    COMMA   shift, and go to state 336
    RPAREN  shift, and go to state 337


State 308

   98 data_type: NUMERIC_TYPE LPAREN INT_LITERAL • COMMA INT_LITERAL RPAREN

    COMMA  shift, and go to state 338


State 309

   99 data_type: VARCHAR_TYPE LPAREN INT_LITERAL • RPAREN

    RPAREN  shift, and go to state 339


State 310

  100 data_type: VARCHAR2_TYPE LPAREN INT_LITERAL • RPAREN

    RPAREN  shift, and go to state 340


State 311

  102 data_type: CHAR_TYPE LPAREN INT_LITERAL • RPAREN

    RPAREN  shift, and go to state 341


State 312

  108 data_type: DECIMAL_TYPE LPAREN INT_LITERAL • COMMA INT_LITERAL RPAREN

    COMMA  shift, and go to state 342


State 313

  117 column_constraint: PRIMARY • KEY

    KEY  shift, and go to state 343


State 314

  119 column_constraint: UNIQUE •

    $default  reduce using rule 119 (column_constraint)


State 315

  121 column_constraint: DEFAULT • expr

    NULL_KW         shift, and go to state 45
    NOT_KW          shift, and go to state 46
    CASE            shift, and go to state 47
    COUNT           shift, and go to state 48
    SUM             shift, and go to state 49
    AVG             shift, and go to state 50
    MIN             shift, and go to state 51
    MAX             shift, and go to state 52
    IDENTIFIER      shift, and go to state 53
    STRING_LITERAL  shift, and go to state 54
    INT_LITERAL     shift, and go to state 55
    FLOAT_LITERAL   shift, and go to state 56
    MINUS           shift, and go to state 57
    LPAREN          shift, and go to state 59

    expr            go to state 344
    func_call       go to state 63
    aggregate_func  go to state 64
    case_expr       go to state 65


State 316

  122 column_constraint: CHECK • LPAREN expr RPAREN

    LPAREN  shift, and go to state 345


State 317

  123 column_constraint: CONSTRAINT • IDENTIFIER CHECK LPAREN expr RPAREN
  124                  | CONSTRAINT • IDENTIFIER PRIMARY KEY
  125                  | CONSTRAINT • IDENTIFIER UNIQUE

    IDENTIFIER  shift, and go to state 346


State 318

  120 column_constraint: AUTO_INCREMENT •

    $default  reduce using rule 120 (column_constraint)


State 319

  118 column_constraint: NOT_KW • NULL_KW

    NULL_KW  shift, and go to state 347


State 320

  115 opt_column_constraints: opt_column_constraints column_constraint •

    $default  reduce using rule 115 (opt_column_constraints)


State 321

  127 alter_table_stmt: ALTER TABLE IDENTIFIER ADD opt_column LPAREN column_def_list RPAREN •

    $default  reduce using rule 127 (alter_table_stmt)


State 322

  129 alter_table_stmt: ALTER TABLE IDENTIFIER MODIFY opt_column LPAREN column_def_list RPAREN •

    $default  reduce using rule 129 (alter_table_stmt)


State 323

  134 identifier_list: identifier_list COMMA • IDENTIFIER

    IDENTIFIER  shift, and go to state 348


State 324

  131 alter_table_stmt: ALTER TABLE IDENTIFIER DROP opt_column LPAREN identifier_list RPAREN •

    $default  reduce using rule 131 (alter_table_stmt)


State 325

   39 table_ref: LPAREN select_stmt RPAREN AS IDENTIFIER •

    $default  reduce using rule 39 (table_ref)


State 326

   40 table_ref: table_ref join_type table_ref ON expr •
  147 expr: expr • OR expr
  148     | expr • AND expr
  150     | expr • EQ expr
  151     | expr • NE expr
  152     | expr • LT expr
  153     | expr • GT expr
  154     | expr • LE expr
  155     | expr • GE expr
  156     | expr • LIKE expr
  157     | expr • IN LPAREN expr_list RPAREN
  158     | expr • IN LPAREN select_stmt RPAREN
  159     | expr • BETWEEN expr AND expr
  160     | expr • IS NULL_KW
  161     | expr • IS NOT_KW NULL_KW
  162     | expr • PLUS expr
  163     | expr • MINUS expr
  164     | expr • STAR expr
  165     | expr • SLASH expr

    AND      shift, and go to state 93
    OR       shift, and go to state 94
    LIKE     shift, and go to state 95
    IN       shift, and go to state 96
    BETWEEN  shift, and go to state 97
    IS       shift, and go to state 98
    EQ       shift, and go to state 100
    NE       shift, and go to state 101
    LT       shift, and go to state 102
    GT       shift, and go to state 103
    LE       shift, and go to state 104
    GE       shift, and go to state 105
    PLUS     shift, and go to state 106
    MINUS    shift, and go to state 107
    STAR     shift, and go to state 108
    SLASH    shift, and go to state 109

    $default  reduce using rule 40 (table_ref)


State 327

   56 opt_order_by: ORDER BY • order_item_list

    NULL_KW         shift, and go to state 45
    NOT_KW          shift, and go to state 46
    CASE            shift, and go to state 47
    COUNT           shift, and go to state 48
    SUM             shift, and go to state 49
    AVG             shift, and go to state 50
    MIN             shift, and go to state 51
    MAX             shift, and go to state 52
    IDENTIFIER      shift, and go to state 53
    STRING_LITERAL  shift, and go to state 54
    INT_LITERAL     shift, and go to state 55
    FLOAT_LITERAL   shift, and go to state 56
    MINUS           shift, and go to state 57
    LPAREN          shift, and go to state 59

    order_item_list  go to state 349
    order_item       go to state 350
    expr             go to state 351
    func_call        go to state 63
    aggregate_func   go to state 64
    case_expr        go to state 65


State 328

   64 opt_limit: LIMIT • INT_LITERAL
   65          | LIMIT • INT_LITERAL OFFSET INT_LITERAL

    INT_LITERAL  shift, and go to state 352


State 329

   22 select_expr: SELECT opt_distinct target_list opt_from opt_where opt_group_by opt_having opt_order_by opt_limit •

    $default  reduce using rule 22 (select_expr)


State 330

   80 create_table_stmt: CREATE TABLE IF_KW NOT_KW EXISTS IDENTIFIER LPAREN column_def_list RPAREN •

    $default  reduce using rule 80 (create_table_stmt)


State 331

   84 column_def: PRIMARY KEY LPAREN IDENTIFIER RPAREN •

    $default  reduce using rule 84 (column_def)


State 332

   85 column_def: FOREIGN KEY LPAREN IDENTIFIER RPAREN • REFERENCES IDENTIFIER LPAREN IDENTIFIER RPAREN

    REFERENCES  shift, and go to state 353


State 333

   86 column_def: CONSTRAINT IDENTIFIER PRIMARY KEY LPAREN • IDENTIFIER RPAREN

    IDENTIFIER  shift, and go to state 354


State 334

   87 column_def: CONSTRAINT IDENTIFIER FOREIGN KEY LPAREN • IDENTIFIER RPAREN REFERENCES IDENTIFIER LPAREN IDENTIFIER RPAREN

    IDENTIFIER  shift, and go to state 355


State 335

   89 column_def: CONSTRAINT IDENTIFIER CHECK LPAREN expr • RPAREN
  147 expr: expr • OR expr
  148     | expr • AND expr
  150     | expr • EQ expr
  151     | expr • NE expr
  152     | expr • LT expr
  153     | expr • GT expr
  154     | expr • LE expr
  155     | expr • GE expr
  156     | expr • LIKE expr
  157     | expr • IN LPAREN expr_list RPAREN
  158     | expr • IN LPAREN select_stmt RPAREN
  159     | expr • BETWEEN expr AND expr
  160     | expr • IS NULL_KW
  161     | expr • IS NOT_KW NULL_KW
  162     | expr • PLUS expr
  163     | expr • MINUS expr
  164     | expr • STAR expr
  165     | expr • SLASH expr

    AND      shift, and go to state 93
    OR       shift, and go to state 94
    LIKE     shift, and go to state 95
    IN       shift, and go to state 96
    BETWEEN  shift, and go to state 97
    IS       shift, and go to state 98
    EQ       shift, and go to state 100
    NE       shift, and go to state 101
    LT       shift, and go to state 102
    GT       shift, and go to state 103
    LE       shift, and go to state 104
    GE       shift, and go to state 105
    PLUS     shift, and go to state 106
    MINUS    shift, and go to state 107
    STAR     shift, and go to state 108
    SLASH    shift, and go to state 109
    RPAREN   shift, and go to state 356


State 336

   96 data_type: NUMBER_TYPE LPAREN INT_LITERAL COMMA • INT_LITERAL RPAREN

    INT_LITERAL  shift, and go to state 357


State 337

   95 data_type: NUMBER_TYPE LPAREN INT_LITERAL RPAREN •

    $default  reduce using rule 95 (data_type)


State 338

   98 data_type: NUMERIC_TYPE LPAREN INT_LITERAL COMMA • INT_LITERAL RPAREN

    INT_LITERAL  shift, and go to state 358


State 339

   99 data_type: VARCHAR_TYPE LPAREN INT_LITERAL RPAREN •

    $default  reduce using rule 99 (data_type)


State 340

  100 data_type: VARCHAR2_TYPE LPAREN INT_LITERAL RPAREN •

    $default  reduce using rule 100 (data_type)


State 341

  102 data_type: CHAR_TYPE LPAREN INT_LITERAL RPAREN •

    $default  reduce using rule 102 (data_type)


State 342

  108 data_type: DECIMAL_TYPE LPAREN INT_LITERAL COMMA • INT_LITERAL RPAREN

    INT_LITERAL  shift, and go to state 359


State 343

  117 column_constraint: PRIMARY KEY •

    $default  reduce using rule 117 (column_constraint)


State 344

  121 column_constraint: DEFAULT expr •
  147 expr: expr • OR expr
  148     | expr • AND expr
  150     | expr • EQ expr
  151     | expr • NE expr
  152     | expr • LT expr
  153     | expr • GT expr
  154     | expr • LE expr
  155     | expr • GE expr
  156     | expr • LIKE expr
  157     | expr • IN LPAREN expr_list RPAREN
  158     | expr • IN LPAREN select_stmt RPAREN
  159     | expr • BETWEEN expr AND expr
  160     | expr • IS NULL_KW
  161     | expr • IS NOT_KW NULL_KW
  162     | expr • PLUS expr
  163     | expr • MINUS expr
  164     | expr • STAR expr
  165     | expr • SLASH expr

    AND      shift, and go to state 93
    OR       shift, and go to state 94
    LIKE     shift, and go to state 95
    IN       shift, and go to state 96
    BETWEEN  shift, and go to state 97
    IS       shift, and go to state 98
    EQ       shift, and go to state 100
    NE       shift, and go to state 101
    LT       shift, and go to state 102
    GT       shift, and go to state 103
    LE       shift, and go to state 104
    GE       shift, and go to state 105
    PLUS     shift, and go to state 106
    MINUS    shift, and go to state 107
    STAR     shift, and go to state 108
    SLASH    shift, and go to state 109

    $default  reduce using rule 121 (column_constraint)


State 345

  122 column_constraint: CHECK LPAREN • expr RPAREN

    NULL_KW         shift, and go to state 45
    NOT_KW          shift, and go to state 46
    CASE            shift, and go to state 47
    COUNT           shift, and go to state 48
    SUM             shift, and go to state 49
    AVG             shift, and go to state 50
    MIN             shift, and go to state 51
    MAX             shift, and go to state 52
    IDENTIFIER      shift, and go to state 53
    STRING_LITERAL  shift, and go to state 54
    INT_LITERAL     shift, and go to state 55
    FLOAT_LITERAL   shift, and go to state 56
    MINUS           shift, and go to state 57
    LPAREN          shift, and go to state 59

    expr            go to state 360
    func_call       go to state 63
    aggregate_func  go to state 64
    case_expr       go to state 65


State 346

  123 column_constraint: CONSTRAINT IDENTIFIER • CHECK LPAREN expr RPAREN
  124                  | CONSTRAINT IDENTIFIER • PRIMARY KEY
  125                  | CONSTRAINT IDENTIFIER • UNIQUE

    PRIMARY  shift, and go to state 361
    UNIQUE   shift, and go to state 362
    CHECK    shift, and go to state 363


State 347

  118 column_constraint: NOT_KW NULL_KW •

    $default  reduce using rule 118 (column_constraint)


State 348

  134 identifier_list: identifier_list COMMA IDENTIFIER •

    $default  reduce using rule 134 (identifier_list)


State 349

   56 opt_order_by: ORDER BY order_item_list •
   58 order_item_list: order_item_list • COMMA order_item

    COMMA  shift, and go to state 364

    $default  reduce using rule 56 (opt_order_by)


State 350

   59 order_item_list: order_item •

    $default  reduce using rule 59 (order_item_list)


State 351

   60 order_item: expr • opt_asc_desc
  147 expr: expr • OR expr
  148     | expr • AND expr
  150     | expr • EQ expr
  151     | expr • NE expr
  152     | expr • LT expr
  153     | expr • GT expr
  154     | expr • LE expr
  155     | expr • GE expr
  156     | expr • LIKE expr
  157     | expr • IN LPAREN expr_list RPAREN
  158     | expr • IN LPAREN select_stmt RPAREN
  159     | expr • BETWEEN expr AND expr
  160     | expr • IS NULL_KW
  161     | expr • IS NOT_KW NULL_KW
  162     | expr • PLUS expr
  163     | expr • MINUS expr
  164     | expr • STAR expr
  165     | expr • SLASH expr

    ASC      shift, and go to state 365
    DESC     shift, and go to state 366
    AND      shift, and go to state 93
    OR       shift, and go to state 94
    LIKE     shift, and go to state 95
    IN       shift, and go to state 96
    BETWEEN  shift, and go to state 97
    IS       shift, and go to state 98
    EQ       shift, and go to state 100
    NE       shift, and go to state 101
    LT       shift, and go to state 102
    GT       shift, and go to state 103
    LE       shift, and go to state 104
    GE       shift, and go to state 105
    PLUS     shift, and go to state 106
    MINUS    shift, and go to state 107
    STAR     shift, and go to state 108
    SLASH    shift, and go to state 109

    $default  reduce using rule 63 (opt_asc_desc)

    opt_asc_desc  go to state 367


State 352

   64 opt_limit: LIMIT INT_LITERAL •
   65          | LIMIT INT_LITERAL • OFFSET INT_LITERAL

    OFFSET  shift, and go to state 368

    $default  reduce using rule 64 (opt_limit)


State 353

   85 column_def: FOREIGN KEY LPAREN IDENTIFIER RPAREN REFERENCES • IDENTIFIER LPAREN IDENTIFIER RPAREN

    IDENTIFIER  shift, and go to state 369


State 354

   86 column_def: CONSTRAINT IDENTIFIER PRIMARY KEY LPAREN IDENTIFIER • RPAREN

    RPAREN  shift, and go to state 370


State 355

   87 column_def: CONSTRAINT IDENTIFIER FOREIGN KEY LPAREN IDENTIFIER • RPAREN REFERENCES IDENTIFIER LPAREN IDENTIFIER RPAREN

    RPAREN  shift, and go to state 371


State 356

   89 column_def: CONSTRAINT IDENTIFIER CHECK LPAREN expr RPAREN •

    $default  reduce using rule 89 (column_def)


State 357

   96 data_type: NUMBER_TYPE LPAREN INT_LITERAL COMMA INT_LITERAL • RPAREN

    RPAREN  shift, and go to state 372


State 358

   98 data_type: NUMERIC_TYPE LPAREN INT_LITERAL COMMA INT_LITERAL • RPAREN

    RPAREN  shift, and go to state 373


State 359

  108 data_type: DECIMAL_TYPE LPAREN INT_LITERAL COMMA INT_LITERAL • RPAREN

    RPAREN  shift, and go to state 374


State 360

  122 column_constraint: CHECK LPAREN expr • RPAREN
  147 expr: expr • OR expr
  148     | expr • AND expr
  150     | expr • EQ expr
  151     | expr • NE expr
  152     | expr • LT expr
  153     | expr • GT expr
  154     | expr • LE expr
  155     | expr • GE expr
  156     | expr • LIKE expr
  157     | expr • IN LPAREN expr_list RPAREN
  158     | expr • IN LPAREN select_stmt RPAREN
  159     | expr • BETWEEN expr AND expr
  160     | expr • IS NULL_KW
  161     | expr • IS NOT_KW NULL_KW
  162     | expr • PLUS expr
  163     | expr • MINUS expr
  164     | expr • STAR expr
  165     | expr • SLASH expr

    AND      shift, and go to state 93
    OR       shift, and go to state 94
    LIKE     shift, and go to state 95
    IN       shift, and go to state 96
    BETWEEN  shift, and go to state 97
    IS       shift, and go to state 98
    EQ       shift, and go to state 100
    NE       shift, and go to state 101
    LT       shift, and go to state 102
    GT       shift, and go to state 103
    LE       shift, and go to state 104
    GE       shift, and go to state 105
    PLUS     shift, and go to state 106
    MINUS    shift, and go to state 107
    STAR     shift, and go to state 108
    SLASH    shift, and go to state 109
    RPAREN   shift, and go to state 375


State 361

  124 column_constraint: CONSTRAINT IDENTIFIER PRIMARY • KEY

    KEY  shift, and go to state 376


State 362

  125 column_constraint: CONSTRAINT IDENTIFIER UNIQUE •

    $default  reduce using rule 125 (column_constraint)


State 363

  123 column_constraint: CONSTRAINT IDENTIFIER CHECK • LPAREN expr RPAREN

    LPAREN  shift, and go to state 377


State 364

   58 order_item_list: order_item_list COMMA • order_item

    NULL_KW         shift, and go to state 45
    NOT_KW          shift, and go to state 46
    CASE            shift, and go to state 47
    COUNT           shift, and go to state 48
    SUM             shift, and go to state 49
    AVG             shift, and go to state 50
    MIN             shift, and go to state 51
    MAX             shift, and go to state 52
    IDENTIFIER      shift, and go to state 53
    STRING_LITERAL  shift, and go to state 54
    INT_LITERAL     shift, and go to state 55
    FLOAT_LITERAL   shift, and go to state 56
    MINUS           shift, and go to state 57
    LPAREN          shift, and go to state 59

    order_item      go to state 378
    expr            go to state 351
    func_call       go to state 63
    aggregate_func  go to state 64
    case_expr       go to state 65


State 365

   61 opt_asc_desc: ASC •

    $default  reduce using rule 61 (opt_asc_desc)


State 366

   62 opt_asc_desc: DESC •

    $default  reduce using rule 62 (opt_asc_desc)


State 367

   60 order_item: expr opt_asc_desc •

    $default  reduce using rule 60 (order_item)


State 368

   65 opt_limit: LIMIT INT_LITERAL OFFSET • INT_LITERAL

    INT_LITERAL  shift, and go to state 379


State 369

   85 column_def: FOREIGN KEY LPAREN IDENTIFIER RPAREN REFERENCES IDENTIFIER • LPAREN IDENTIFIER RPAREN

    LPAREN  shift, and go to state 380


State 370

   86 column_def: CONSTRAINT IDENTIFIER PRIMARY KEY LPAREN IDENTIFIER RPAREN •

    $default  reduce using rule 86 (column_def)


State 371

   87 column_def: CONSTRAINT IDENTIFIER FOREIGN KEY LPAREN IDENTIFIER RPAREN • REFERENCES IDENTIFIER LPAREN IDENTIFIER RPAREN

    REFERENCES  shift, and go to state 381


State 372

   96 data_type: NUMBER_TYPE LPAREN INT_LITERAL COMMA INT_LITERAL RPAREN •

    $default  reduce using rule 96 (data_type)


State 373

   98 data_type: NUMERIC_TYPE LPAREN INT_LITERAL COMMA INT_LITERAL RPAREN •

    $default  reduce using rule 98 (data_type)


State 374

  108 data_type: DECIMAL_TYPE LPAREN INT_LITERAL COMMA INT_LITERAL RPAREN •

    $default  reduce using rule 108 (data_type)


State 375

  122 column_constraint: CHECK LPAREN expr RPAREN •

    $default  reduce using rule 122 (column_constraint)


State 376

  124 column_constraint: CONSTRAINT IDENTIFIER PRIMARY KEY •

    $default  reduce using rule 124 (column_constraint)


State 377

  123 column_constraint: CONSTRAINT IDENTIFIER CHECK LPAREN • expr RPAREN

    NULL_KW         shift, and go to state 45
    NOT_KW          shift, and go to state 46
    CASE            shift, and go to state 47
    COUNT           shift, and go to state 48
    SUM             shift, and go to state 49
    AVG             shift, and go to state 50
    MIN             shift, and go to state 51
    MAX             shift, and go to state 52
    IDENTIFIER      shift, and go to state 53
    STRING_LITERAL  shift, and go to state 54
    INT_LITERAL     shift, and go to state 55
    FLOAT_LITERAL   shift, and go to state 56
    MINUS           shift, and go to state 57
    LPAREN          shift, and go to state 59

    expr            go to state 382
    func_call       go to state 63
    aggregate_func  go to state 64
    case_expr       go to state 65


State 378

   58 order_item_list: order_item_list COMMA order_item •

    $default  reduce using rule 58 (order_item_list)


State 379

   65 opt_limit: LIMIT INT_LITERAL OFFSET INT_LITERAL •

    $default  reduce using rule 65 (opt_limit)


State 380

   85 column_def: FOREIGN KEY LPAREN IDENTIFIER RPAREN REFERENCES IDENTIFIER LPAREN • IDENTIFIER RPAREN

    IDENTIFIER  shift, and go to state 383


State 381

   87 column_def: CONSTRAINT IDENTIFIER FOREIGN KEY LPAREN IDENTIFIER RPAREN REFERENCES • IDENTIFIER LPAREN IDENTIFIER RPAREN

    IDENTIFIER  shift, and go to state 384


State 382

  123 column_constraint: CONSTRAINT IDENTIFIER CHECK LPAREN expr • RPAREN
  147 expr: expr • OR expr
  148     | expr • AND expr
  150     | expr • EQ expr
  151     | expr • NE expr
  152     | expr • LT expr
  153     | expr • GT expr
  154     | expr • LE expr
  155     | expr • GE expr
  156     | expr • LIKE expr
  157     | expr • IN LPAREN expr_list RPAREN
  158     | expr • IN LPAREN select_stmt RPAREN
  159     | expr • BETWEEN expr AND expr
  160     | expr • IS NULL_KW
  161     | expr • IS NOT_KW NULL_KW
  162     | expr • PLUS expr
  163     | expr • MINUS expr
  164     | expr • STAR expr
  165     | expr • SLASH expr

    AND      shift, and go to state 93
    OR       shift, and go to state 94
    LIKE     shift, and go to state 95
    IN       shift, and go to state 96
    BETWEEN  shift, and go to state 97
    IS       shift, and go to state 98
    EQ       shift, and go to state 100
    NE       shift, and go to state 101
    LT       shift, and go to state 102
    GT       shift, and go to state 103
    LE       shift, and go to state 104
    GE       shift, and go to state 105
    PLUS     shift, and go to state 106
    MINUS    shift, and go to state 107
    STAR     shift, and go to state 108
    SLASH    shift, and go to state 109
    RPAREN   shift, and go to state 385


State 383

   85 column_def: FOREIGN KEY LPAREN IDENTIFIER RPAREN REFERENCES IDENTIFIER LPAREN IDENTIFIER • RPAREN

    RPAREN  shift, and go to state 386


State 384

   87 column_def: CONSTRAINT IDENTIFIER FOREIGN KEY LPAREN IDENTIFIER RPAREN REFERENCES IDENTIFIER • LPAREN IDENTIFIER RPAREN

    LPAREN  shift, and go to state 387


State 385

  123 column_constraint: CONSTRAINT IDENTIFIER CHECK LPAREN expr RPAREN •

    $default  reduce using rule 123 (column_constraint)


State 386

   85 column_def: FOREIGN KEY LPAREN IDENTIFIER RPAREN REFERENCES IDENTIFIER LPAREN IDENTIFIER RPAREN •

    $default  reduce using rule 85 (column_def)


State 387

   87 column_def: CONSTRAINT IDENTIFIER FOREIGN KEY LPAREN IDENTIFIER RPAREN REFERENCES IDENTIFIER LPAREN • IDENTIFIER RPAREN

    IDENTIFIER  shift, and go to state 388


State 388

   87 column_def: CONSTRAINT IDENTIFIER FOREIGN KEY LPAREN IDENTIFIER RPAREN REFERENCES IDENTIFIER LPAREN IDENTIFIER • RPAREN

    RPAREN  shift, and go to state 389


State 389

   87 column_def: CONSTRAINT IDENTIFIER FOREIGN KEY LPAREN IDENTIFIER RPAREN REFERENCES IDENTIFIER LPAREN IDENTIFIER RPAREN •

    $default  reduce using rule 87 (column_def)
